TITLE,COMPANY,LOCATION,SALARY
Personalized Internet Assessor Kannada Language,Lionbridge,"Bengaluru, Karnataka",
Professional Copy Writer,CHAKRA DIGITAL,"Bengaluru, Karnataka",
Customer Care Executive (0 to 2 years),SlicePay,"Bengaluru, Karnataka","₹2,50,000 - ₹3,00,000 a month"
Customer Support Executive,ONE POINT ONE SOLUTION,"Bommanahalli, Hosur Road, Karnataka","₹2,00,000 - ₹4,00,000 a year"
Accounts Administration,care labs,,"₹3,00,000 - ₹6,00,000 a year"
Admin/finance in-charge,Sense Kaleidoscopes - A Unit of Ayathi Trust,,"₹20,000 - ₹30,000 a month"
Trainee,Siemens AG,,
Quantity Surveyor,Sunniva construction,,"₹20,000 - ₹30,000 a month"
Accounts Payable Assistant,EisnerAmper Fund Services,,"₹5,00,000 - ₹6,00,000 a year"
Data Science Associate,ZS Associates,,
Company Secretary,CNTC India Projects,,
Intern,Philips,,
R2A A2,Capgemini,,
Social Media Executive,Zolostays,,"₹20,000 - ₹30,000 a month"
Customer Support Executive,MiniJoy,"Bengaluru, Karnataka","₹30,000 - ₹50,000 a month"
Assistant Administrator,"Euro Kids, R T Nagar","R. T. Nagar, Bengaluru, Karnataka","₹1,44,000 a year"
Assistant Administrator,"Euro Kids, R T Nagar","R. T. Nagar, Bengaluru, Karnataka","₹1,44,000 a year"
Professional Copy Writer,CHAKRA DIGITAL,"Bengaluru, Karnataka",
Customer Support Executive,MiniJoy,"Bengaluru, Karnataka","₹30,000 - ₹50,000 a month"
Social Media Executive,Zolostays,,"₹20,000 - ₹30,000 a month"
Admissions Officer,Sherwood High Home,,
"KYC Remediation (KYC) Operator, AS",Deutsche Bank,,
"KYC-Global KYC, AML (Anti Money Laundering)",Accenture,,
Hotel Receptionist,The Byke Signature,,
Finance & Administration Officer,Swami Vivekananda Youth Movement,,
"Administrative Business Partner, Apps",Google,,
Intern,IBM,,
Store Executive,JLL,,
Social Media Intern,BOOKMYPERSONALLOAN,,"₹3,00,000 - ₹4,00,000 a year"
Customer Support Executive,ONE POINT ONE SOLUTION,"Bommanahalli, Hosur Road, Karnataka","₹2,00,000 - ₹4,00,000 a year"
Customer Care Executive (0 to 2 years),SlicePay,"Bengaluru, Karnataka","₹2,50,000 - ₹3,00,000 a month"
Personalized Internet Assessor Kannada Language,Lionbridge,"Bengaluru, Karnataka",
Professional Copy Writer,CHAKRA DIGITAL,"Bengaluru, Karnataka",
Customer Support Executive,MiniJoy,"Bengaluru, Karnataka","₹30,000 - ₹50,000 a month"
Customer Care Executive (0 to 2 years),SlicePay,"Bengaluru, Karnataka","₹2,50,000 - ₹3,00,000 a month"
Project Coordinator,JSE INFRATECH PVY LTD,,
R&A_Associate,EY,,
Project Document Controller,Vitana Projects,,
Soft Skill Trainer,Vaps Technosoft Pvt Ltd,,"₹30,000 - ₹35,000 a month"
Join Zomato as food delivery boy/Rider/Biker/Driver/Fresher,Zomato Media Private Limited,,"₹40,000 - ₹45,000 a month"
handler,FedEx Express MEISA,,
Project Coordinator,Valuepoint Knowledgeworks,,"₹2,00,000 - ₹3,00,000 a year"
Intern,Honeywell,,
Document Controller,SUEZ,,
Customer Service Associate - Voice,Bolster Legal PVT LTD,,"₹20,000 - ₹25,000 a month"
Assistant Administrator,"Euro Kids, R T Nagar","R. T. Nagar, Bengaluru, Karnataka","₹1,44,000 a year"
Personalized Internet Assessor Kannada Language,Lionbridge,"Bengaluru, Karnataka",
Assistant Administrator,"Euro Kids, R T Nagar","R. T. Nagar, Bengaluru, Karnataka","₹1,44,000 a year"
Customer Support Executive,MiniJoy,"Bengaluru, Karnataka","₹30,000 - ₹50,000 a month"
Customer Care Executive (0 to 2 years),SlicePay,"Bengaluru, Karnataka","₹2,50,000 - ₹3,00,000 a month"
Customer Service Associate - Voice,Bolster Legal PVT LTD,,"₹20,000 - ₹25,000 a month"
Administrative executive,PCR GROUP,,
Executive Assistant/Secretary,Tamara Leisure Experiences Pvt Ltd,,"₹18,000 - ₹23,000 a month"
Admissions Officer - Hebbal,Aakash Educational Services Pvt. Ltd,,"₹5,00,000 - ₹6,00,000 a year"
Recruitment Evangelist,Indeed,,"₹31,70,000 - ₹41,30,000 a year"
Intern QA,BlueJeans,,
Sr. MIS Executive,Premier Tissues India Ltd,,"₹18,000 - ₹25,000 a month"
Record to report (R2R) - Inventory Accounting,HP,,
Executive Assistant to CEO,Flux Auto,,"₹2,00,000 - ₹5,00,000 a year"
Inventory In-charge,Pharmatree Corporation,,
Professional Copy Writer,CHAKRA DIGITAL,"Bengaluru, Karnataka",
Personalized Internet Assessor Kannada Language,Lionbridge,"Bengaluru, Karnataka",
Customer Support Executive,MiniJoy,"Bengaluru, Karnataka","₹30,000 - ₹50,000 a month"
Customer Care Executive (0 to 2 years),SlicePay,"Bengaluru, Karnataka","₹2,50,000 - ₹3,00,000 a month"
Inventory In-charge,Pharmatree Corporation,,
Finance & Accounts Executive,GoWelnext Solutions Private Limited,,"₹25,000 - ₹30,000 a month"
IT- Assistant- Administrator,prem textiles,,"₹25,000 - ₹30,000 a month"
Admissions Officer,The Mutha School,,"₹20,000 - ₹25,000 a month"
Business Navigator,Ikea,,
Know Your Client (KYC) Operato,Deutsche Bank,,
Verification Intern,Synaptics,,
Pharmacovigilance -Freshers,Whyflex Human Capital Solutions,,
Expense Auditor,Cerner Corporation,,
Looking for Hotel Receptionist/Front Desk Executive - Freshe...,ArpanAryan Institutions Pvt Ltd,,
Assistant Administrator,"Euro Kids, R T Nagar","R. T. Nagar, Bengaluru, Karnataka","₹1,44,000 a year"
Personalized Internet Assessor Kannada Language,Lionbridge,"Bengaluru, Karnataka",
Professional Copy Writer,CHAKRA DIGITAL,"Bengaluru, Karnataka",
Personalized Internet Assessor Kannada Language,Lionbridge,"Bengaluru, Karnataka",
Professional Copy Writer,CHAKRA DIGITAL,"Bengaluru, Karnataka",
Customer Care Executive (0 to 2 years),SlicePay,"Bengaluru, Karnataka","₹2,50,000 - ₹3,00,000 a month"
MSC cosmetics,M.s.kothari & associates,,"₹25,000 - ₹30,000 a month"
Principal ICSE,AcadsHR,,"₹1,50,000 - ₹2,00,000 a month"
Office 365 Build and Administrator / O365 Build and Admin,THBS,,
Store Keeper,Pasta Street India Pvt Ltd,,"₹10,000 - ₹12,000 a month"
Quantity Surveyor,Cleekart Interio Pvt Ltd,,"₹3,000 - ₹5,000 a month"
Customer Service Representative,GlowRoad,,"₹20,000 - ₹30,000 a month"
TIBCO-ADMIN,Larsen & Toubro Infotech Limited,,
Reference Data Operator,Deutsche Bank,,
Quantity Surveyor- Site,Brinmor Constructions Pvt. Ltd,,
Project Fellows,Central Manufacturing Technology Institute (CMTI),,"₹28,000 a month"
Assistant Administrator,"Euro Kids, R T Nagar","R. T. Nagar, Bengaluru, Karnataka","₹1,44,000 a year"
Customer Support Executive,MiniJoy,"Bengaluru, Karnataka","₹30,000 - ₹50,000 a month"
Assistant Administrator,"Euro Kids, R T Nagar","R. T. Nagar, Bengaluru, Karnataka","₹1,44,000 a year"
Customer Support Executive,MiniJoy,"Bengaluru, Karnataka","₹30,000 - ₹50,000 a month"
Customer Care Executive (0 to 2 years),SlicePay,"Bengaluru, Karnataka","₹2,50,000 - ₹3,00,000 a month"
Project enggineer,Damden Properties,,"₹25,000 - ₹40,000 a month"
Team Member - DRO,JPMorgan Chase,,
Supply Executive,Poonam IT Consulting,,"₹20,000 - ₹25,000 a month"
Support and Administration Executive for a Leading IATA Trav...,THE TRAVEL TECH,,"₹2,50,000 - ₹4,00,000 a year"
IT Support Technician,VF Corporation,,
Bartender and Waiter,ICON HOTEL,,"₹12,000 - ₹15,000 a month"
Accounts Executive,Lavonne Hospitality,,"₹2,40,000 - ₹3,00,000 a month"
Fresher Amazon / Non Voice Process,Amigo Ad Consultancy,,
MIS cum Admin Executive,Greenway appliances put ltd,,"₹15,000 - ₹30,000 a month"
Inside Sales US Market,Tescra Software,,"₹4,00,000 - ₹9,00,000 a month"
Personalized Internet Assessor Kannada Language,Lionbridge,"Bengaluru, Karnataka",
Professional Copy Writer,CHAKRA DIGITAL,"Bengaluru, Karnataka",
Assistant Administrator,"Euro Kids, R T Nagar","R. T. Nagar, Bengaluru, Karnataka","₹1,44,000 a year"
Customer Support Executive,MiniJoy,"Bengaluru, Karnataka","₹30,000 - ₹50,000 a month"
Customer Care Executive (0 to 2 years),SlicePay,"Bengaluru, Karnataka","₹2,50,000 - ₹3,00,000 a month"
MIS cum Admin Executive,Greenway appliances put ltd,,"₹15,000 - ₹30,000 a month"
Inside Sales US Market,Tescra Software,,"₹4,00,000 - ₹9,00,000 a month"
Watson Customer Engagement Support Engineer_L2_EDI,IBM,,
Quality Controller -Woven,H&M,,
Executive Assistant,Mee 2 Bee Smart Services,,"₹5,00,000 - ₹7,50,000 a year"
Finance Executive,Hiveminds Innovative Market Solutions,,"₹3,00,000 - ₹4,00,000 a month"
Content Creator,The Backbenchers,,"₹30,000 - ₹50,000 a month"
Store Assistant,MAAN Restaurants India Pvt Ltd,,"₹20,000 - ₹25,000 a month"
Public Relations Executive,Maxium Media,,"₹15,000 - ₹25,000 a month"
CSR(Customer Support Executive),Udaan,,"₹18,000 - ₹40,000 a month"
Personalized Internet Assessor Kannada Language,Lionbridge,"Bengaluru, Karnataka",
Professional Copy Writer,CHAKRA DIGITAL,"Bengaluru, Karnataka",
Personalized Internet Assessor Kannada Language,Lionbridge,"Bengaluru, Karnataka",
Professional Copy Writer,CHAKRA DIGITAL,"Bengaluru, Karnataka",
Customer Care Executive (0 to 2 years),SlicePay,"Bengaluru, Karnataka","₹2,50,000 - ₹3,00,000 a month"
Graduate Intern - Hardware Design,Intel,,
Looking for Accounting freshers-Night Shift-Only for Male Ca...,Aranis Business Process Services,,"₹1,50,000 - ₹1,80,000 a month"
Accounts Officer,D Mart,,
Process Associate - Accounts Receivable,Siemens AG,,
Sr. Accounts Executive,MRK GOLD,,"₹2,40,000 - ₹4,20,000 a month"
site Store supervisor,Milestone Aluminium,,"₹25,000 - ₹30,000 a month"
Procurement Operations Associate,Hewlett Packard Enterprise,,
Corporate Sales Executive,BENCHMARK Incentive and Leisure Travels Pvt Ltd,,"₹25,000 - ₹40,000 a month"
UFT_Fresher__FTE,Unitforce Technologies Conslt,,
Administration/Support/Service Employee,ZF,,
Assistant Administrator,"Euro Kids, R T Nagar","R. T. Nagar, Bengaluru, Karnataka","₹1,44,000 a year"
Customer Support Executive,MiniJoy,"Bengaluru, Karnataka","₹30,000 - ₹50,000 a month"
Personalized Internet Assessor Kannada Language,Lionbridge,"Bengaluru, Karnataka",
Professional Copy Writer,CHAKRA DIGITAL,"Bengaluru, Karnataka",
Customer Care Executive (0 to 2 years),SlicePay,"Bengaluru, Karnataka","₹2,50,000 - ₹3,00,000 a month"
"Research Associate, Customer Concept and Experience Center",Novozymes,,
SYBASE Admin-Administrator,Wipro Limited,,
Personal Secretary cum Office Admin,Welworth Software Private Limited,,"₹20,000 - ₹25,000 a month"
Verification Processing Agent - Background Verification,iCOVER India Information and Services Private Limi...,,"₹20,000 - ₹30,000 a month"
DeeKnow Your Client (KYC) Operato,Deutsche Bank,,
Public Relation Officer (PRO),Vaps Technosoft Pvt Ltd,,"₹30,000 - ₹35,000 a month"
System Administrator,ricago,,"₹15,000 - ₹25,000 a month"
Controller,Satish Dhawan Space Centre SHAR,,"₹37,400 - ₹67,000 a month"
Billing Executive,truevalue marketing services,,"₹20,000 - ₹25,000 a month"
Sales Associate,StayAbode Ventures,,"₹3,50,000 - ₹4,50,000 a year"
Assistant Administrator,"Euro Kids, R T Nagar","R. T. Nagar, Bengaluru, Karnataka","₹1,44,000 a year"
Customer Support Executive,MiniJoy,"Bengaluru, Karnataka","₹30,000 - ₹50,000 a month"
Assistant Administrator,"Euro Kids, R T Nagar","R. T. Nagar, Bengaluru, Karnataka","₹1,44,000 a year"
Customer Support Executive,MiniJoy,"Bengaluru, Karnataka","₹30,000 - ₹50,000 a month"
Customer Care Executive (0 to 2 years),SlicePay,"Bengaluru, Karnataka","₹2,50,000 - ₹3,00,000 a month"
"Associate, Bankruptcy",Ocwen Financial Corporation,,
Female Personal Secretary,One Step Ahead Global,,"₹20,000 - ₹40,000 a month"
Associate 2 - Investment Performance Analysis,State Street,,
Clin Data Assoc III,PPD,,
Finance Executive,SpringRole,,
Networking Admin-Administrator,Wipro LTD,,
Office Assistant,ADDCONTACT PUBLISHERS,,"₹1,50,000 - ₹2,00,000 a year"
Learning Coordinator,GP Strategies Corporation,,
Pharmacovigilance Executive,Symbiance,,
Team Member - DRO,JPMorgan Chase,,
Personalized Internet Assessor Kannada Language,Lionbridge,"Bengaluru, Karnataka",
Professional Copy Writer,CHAKRA DIGITAL,"Bengaluru, Karnataka",
Professional Copy Writer,CHAKRA DIGITAL,"Bengaluru, Karnataka",
Assistant Administrator,"Euro Kids, R T Nagar","R. T. Nagar, Bengaluru, Karnataka","₹1,44,000 a year"
Customer Support Executive,MiniJoy,"Bengaluru, Karnataka","₹30,000 - ₹50,000 a month"
Associates for NCA KYC task,Deutsche Bank,,
Sales Officer or Territory Incharge,Storia Foods & Beverages Pvt Ltd,,"₹1,40,000 - ₹1,50,000 a month"
Customer Service Associate,Vibry Business Solutions,,"₹16,000 - ₹26,000 a month"
Customer Service,autogennie,,"₹15,000 - ₹20,000 a month"
Operations Executive,Doqfy Internet Pvt Limited,,"₹15,000 - ₹18,000 a month"
Project Document Controller,ALSTOM,,
Event Co-ordinator,evento,,"₹18,000 - ₹25,000 a month"
( Maintenance ) OIL AND GAS,Nitin,,"₹40,000 a month"
Data Processing Internship,Kantar IMRB,,"₹15,000 a month"
Sr.Process Associate- Records to Report,Siemens AG,,
Customer Care Executive (0 to 2 years),SlicePay,"Bengaluru, Karnataka","₹2,50,000 - ₹3,00,000 a month"
Personalized Internet Assessor Kannada Language,Lionbridge,"Bengaluru, Karnataka",
Professional Copy Writer,CHAKRA DIGITAL,"Bengaluru, Karnataka",
Assistant Administrator,"Euro Kids, R T Nagar","R. T. Nagar, Bengaluru, Karnataka","₹1,44,000 a year"
Customer Support Executive,MiniJoy,"Bengaluru, Karnataka","₹30,000 - ₹50,000 a month"
Personalized Internet Assessor Kannada Language,Lionbridge,"Bengaluru, Karnataka",
Warehouse Assistant,TRANSWORLD INTERNATIONAL WAREHOUSING SERVICES PVT...,,"₹20,000 - ₹25,000 a month"
Team member - Image Retreival,JP Morgan Chase,,
Costumer Relationship Executive,AbleCold Logistics,,"₹2,00,000 - ₹4,00,000 a year"
Library Trainee,Indian Institute of Management (IIM) Bengaluru,,"₹20,000 a month"
Social Media Executive,Wolftain Agency Pvt. Ltd,,"₹20,000 - ₹25,000 a month"
Data Entry Operator,People Hire Hr Consultancy,,"₹10,000 - ₹20,000 a month"
Admission Advisor- Bangalore- Jayanagar,Orbis Hospitality Services Pvt. Ltd,,"₹2,00,000 - ₹6,00,000 a year"
Front Office Executive,Marc resources,,"₹15,000 - ₹20,000 a month"
Junior Executive,ALPHA FREIGHT CHAIN PRIVATE LIMITED,,
asd,Vibry Business Solutions,,"₹18,000 - ₹26,000 a month"
Customer Care Executive (0 to 2 years),SlicePay,"Bengaluru, Karnataka","₹2,50,000 - ₹3,00,000 a month"
Professional Copy Writer,CHAKRA DIGITAL,"Bengaluru, Karnataka",
Assistant Administrator,"Euro Kids, R T Nagar","R. T. Nagar, Bengaluru, Karnataka","₹1,44,000 a year"
Customer Support Executive,MiniJoy,"Bengaluru, Karnataka","₹30,000 - ₹50,000 a month"
Personalized Internet Assessor Kannada Language,Lionbridge,"Bengaluru, Karnataka",
Immediate Opening for Project Coordinator For IOT company,Cattleya technosys,,"₹22,000 - ₹28,000 a month"
Servicenow-Administration-Administrator,Wipro Limited,,
Fleet Executive,AbleCold Logistics,,"₹3,00,000 - ₹5,00,000 a year"
Accounts Executive/Assistant,Adarsh Developers,,
IT Help Desk Technician,Tomia,,
Accounts Executive -Payable,ACCOR,,
Junior Project Coordinator,Capgemini,,
Accounting & Reconciliation,LKSS and Associates,,"₹40,000 - ₹45,000 a month"
Public Relations Assistant for a restaurant group,Malabar Bay,,"₹18,000 - ₹25,000 a month"
Deskside Support Technician,Total IT Global,,"₹38,000 a year"
Customer Care Executive (0 to 2 years),SlicePay,"Bengaluru, Karnataka","₹2,50,000 - ₹3,00,000 a month"
Professional Copy Writer,CHAKRA DIGITAL,"Bengaluru, Karnataka",
Assistant Administrator,"Euro Kids, R T Nagar","R. T. Nagar, Bengaluru, Karnataka","₹1,44,000 a year"
Customer Support Executive,MiniJoy,"Bengaluru, Karnataka","₹30,000 - ₹50,000 a month"
Personalized Internet Assessor Kannada Language,Lionbridge,"Bengaluru, Karnataka",
Process Associate - Accounts Payable,Siemens AG,,
Accounts Associate,Edgefinity,,
Company Secretary,Remidio Innovative Solutions Pvt Ltd,,"₹3,00,000 - ₹6,00,000 a year"
Associate 2 - Anti Money Laundering,State Street,,
Accounts Executive,Boaats Corporate Solutions,,"₹4,00,000 a year"
Receptionist cum Admin,Brand Identity,,"₹18,000 - ₹30,000 a month"
Reservations Executive,Niraamaya Retreats Pvt Ltd,,"₹20,000 - ₹35,000 a month"
Account Executive,Capgemini,,
Transport Executive,JLL,,
Customer Service Associate,Acko General insurance,,"₹25,000 - ₹30,000 a month"
Customer Care Executive (0 to 2 years),SlicePay,"Bengaluru, Karnataka","₹2,50,000 - ₹3,00,000 a month"
Professional Copy Writer,CHAKRA DIGITAL,"Bengaluru, Karnataka",
Assistant Administrator,"Euro Kids, R T Nagar","R. T. Nagar, Bengaluru, Karnataka","₹1,44,000 a year"
Customer Support Executive,MiniJoy,"Bengaluru, Karnataka","₹30,000 - ₹50,000 a month"
Personalized Internet Assessor Kannada Language,Lionbridge,"Bengaluru, Karnataka",
B PHARMA OPENING,MEDCUBE HEALTHCARE,,
Data Visualization,Accenture,,
Undergraduate Intern,Intel,,
Personal Assistant to MD,Bilva technologies pvt ltd,,
Administrative Coordinator,Aspect Software Inc,,
Intern - Machine Learning,Merck KGaA,,
Requirement Analysis Internship,Transform Automations India Private Limited,,"₹40,000 a month"
Wedding Planner,Myshaadiwale Wedding Planners,,
Staff Attorney - Legal,JDA Software,,
Receptionist,Braceport Dentistry,,
Customer Care Executive (0 to 2 years),SlicePay,"Bengaluru, Karnataka","₹2,50,000 - ₹3,00,000 a month"
Professional Copy Writer,CHAKRA DIGITAL,"Bengaluru, Karnataka",
Assistant Administrator,"Euro Kids, R T Nagar","R. T. Nagar, Bengaluru, Karnataka","₹1,44,000 a year"
Customer Support Executive,MiniJoy,"Bengaluru, Karnataka","₹30,000 - ₹50,000 a month"
Personalized Internet Assessor Kannada Language,Lionbridge,"Bengaluru, Karnataka",
Sanctions Investigator,PayPal,,
Data Analytics Internship,Yulu,,"₹20,000 a month"
Call Center Executive Part Time,ONE POINT ONE SOLUTION,,"₹6,000 - ₹8,000 a month"
Centralized Monitor,IQVIA,,
"Sr. Procurement Associate, Bangalore",Novozymes,,
Accounts Assistant,Talent Bee Consulting Pvt Ltd,,"₹4,00,000 - ₹5,00,000 a year"
FIELD OPERATION EXECUTIVE,Vibry Business Solutions,,"₹20,000 a month"
Quality Controller for Interior Company,Shree Shyam Designs Pvt Ltd,,"₹20,000 - ₹35,000 a month"
Assistant Accounting (51000150),DXC,,
Administrative Assistant,Arissa India,,"₹1,20,000 - ₹2,40,000 a year"
Customer Care Executive (0 to 2 years),SlicePay,"Bengaluru, Karnataka","₹2,50,000 - ₹3,00,000 a month"
Professional Copy Writer,CHAKRA DIGITAL,"Bengaluru, Karnataka",
Assistant Administrator,"Euro Kids, R T Nagar","R. T. Nagar, Bengaluru, Karnataka","₹1,44,000 a year"
Customer Support Executive,MiniJoy,"Bengaluru, Karnataka","₹30,000 - ₹50,000 a month"
Personalized Internet Assessor Kannada Language,Lionbridge,"Bengaluru, Karnataka",
South Asia Service Parts Operations Mananger,GE Healthcare,,
Logistics Executive,F1 Info solutions and services,,"₹2,50,000 - ₹3,00,000 a year"
System Admin,ChanRe Health care,,"₹20,000 - ₹30,000 a month"
Customer Service Representative – Global Support,Mouser Electronics,,
IT Associate,CLT India,,
Team Assistant,ACN Globiz,,"₹30,000 - ₹40,000 a month"
Sr. Finance Executive,UNITY 3PL Services Pvt Ltd,,"₹2,40,000 - ₹3,60,000 a year"
Transport operation 6 to 9Years Bangalore,Capgemini,,
Ticketing Executive,Airline Sector,,"₹18,000 - ₹64,000 a year"
E-COMMERCE PROCESS,Vibry Business Solutions,,"₹25,000 a month"
Customer Care Executive (0 to 2 years),SlicePay,"Bengaluru, Karnataka","₹2,50,000 - ₹3,00,000 a month"
Personalized Internet Assessor Kannada Language,Lionbridge,"Bengaluru, Karnataka",
Professional Copy Writer,CHAKRA DIGITAL,"Bengaluru, Karnataka",
Claims Processing Executive,Cognizant,,
Intern - Text Analytics,Merck KGaA,,
E-Commerce Assistant,Maono Technology,,"₹25,000 - ₹30,000 a month"
Junior Regulatory Affairs Associate,PAREXEL International,,
Office Administrator,Get Sure Success,,
VMware admin/VSphere ESXI,Capgemini,,
Secretary,New Horizon College of Engineering,,
Client Servicing Executive,Disha Communications Private Limited,,"₹30,000 - ₹35,000 a month"
Accounting: Associate 1,State Street,,
Sr Accounts Officer,Living Aquatic Systemz Pvt Ltd,,"₹45,000 - ₹55,000 a month"
Assistant Administrator,"Euro Kids, R T Nagar","R. T. Nagar, Bengaluru, Karnataka","₹1,44,000 a year"
Customer Support Executive,MiniJoy,"Bengaluru, Karnataka","₹30,000 - ₹50,000 a month"
Customer Care Executive (0 to 2 years),SlicePay,"Bengaluru, Karnataka","₹2,50,000 - ₹3,00,000 a month"
Professional Copy Writer,CHAKRA DIGITAL,"Bengaluru, Karnataka",
Assistant Administrator,"Euro Kids, R T Nagar","R. T. Nagar, Bengaluru, Karnataka","₹1,44,000 a year"
Customer Support Executive,MiniJoy,"Bengaluru, Karnataka","₹30,000 - ₹50,000 a month"
Personalized Internet Assessor Kannada Language,Lionbridge,"Bengaluru, Karnataka",
Sr Accounts Officer,Living Aquatic Systemz Pvt Ltd,,"₹45,000 - ₹55,000 a month"
Assistant Public Prosecutor cum Assistant Government Pleader,Government of Karnataka,,
Sales Coordinator(Whitefield),Cleansecar,,"₹16,000 - ₹18,000 a month"
"Auditor, Operational Risk Originations",Ocwen Financial Corporation,,
Executive - Order Fulfillment,Multivista Global Pvt Ltd,,
CSR - Email/Chat Support,Glowroad.com,,"₹3,00,000 - ₹5,00,000 a year"
"Risk _ Risk Assurance FSO, Staff",EY,,
Guest Service Representative - Front Office,"Marriott International, Inc",,
Officer - Document Controller,GSK,,
Delivery Executive / Delivery Boy / Delivery professionals .,Graphite Enterprises,,"₹25,000 - ₹30,000 a month"
Customer Care Executive (0 to 2 years),SlicePay,"Bengaluru, Karnataka","₹2,50,000 - ₹3,00,000 a month"
Professional Copy Writer,CHAKRA DIGITAL,"Bengaluru, Karnataka",
Assistant Administrator,"Euro Kids, R T Nagar","R. T. Nagar, Bengaluru, Karnataka","₹1,44,000 a year"
Customer Support Executive,MiniJoy,"Bengaluru, Karnataka","₹30,000 - ₹50,000 a month"
Personalized Internet Assessor Kannada Language,Lionbridge,"Bengaluru, Karnataka",
Accoutant/Assistant Account,Addpro Network pvt ltd,,"₹2,00,000 - ₹4,00,000 a year"
Live Chat Support,G-rank Digital Services Pvt Ltd,,
Marketing Executive,Tiny Mammoth,,"₹20,000 - ₹40,000 a month"
Store Assistant,Maan Restaurant Pvt Ltd,,"₹20,000 - ₹30,000 a month"
Project Data Coordinator,PAREXEL International,,
Guest Relations Executive,JLL,,
System Administrator,R.V Institutions,,
Junior Interior Designer,Fabmodula,,"₹3,00,000 - ₹3,60,000 a year"
Risk Investigator,MatchMove Pay,,
SQL/Data warehousing/Data management_3_Staff 2/3/4,EY,,
Customer Care Executive (0 to 2 years),SlicePay,"Bengaluru, Karnataka","₹2,50,000 - ₹3,00,000 a month"
Professional Copy Writer,CHAKRA DIGITAL,"Bengaluru, Karnataka",
Assistant Administrator,"Euro Kids, R T Nagar","R. T. Nagar, Bengaluru, Karnataka","₹1,44,000 a year"
Customer Support Executive,MiniJoy,"Bengaluru, Karnataka","₹30,000 - ₹50,000 a month"
Personalized Internet Assessor Kannada Language,Lionbridge,"Bengaluru, Karnataka",
Helpdesk Executive,Uniservice Apartment Solutions LLP,,"₹2,00,000 - ₹2,40,000 a year"
Personal Assistant/ Personal Secretary,Indian Telephone Industries Limited,,"₹19,438 a month"
Data Analytics Internship,Deutsche Gesellschaft FÃ¼r International,,"₹23,000 a month"
System Administrator,Wire Developers Pvt Ltd,,"₹3,00,000 - ₹4,00,000 a year"
Zoho Admin,Sinelogix Technologies,,"₹28,000 - ₹35,000 a month"
Entrepreneurship Program Coordinators,I Create India,,"₹4,00,000 a year"
Immediate Requirement for Purchase Officer,Ralco Synergy Pvt Ltd,,"₹20,000 - ₹30,000 a month"
MATRIMONY CUSTOMER SUPPORT,Vibry Business Solutions,,"₹25,000 a month"
Vessel Operator,Cargill,,
Customer Care Executive (0 to 2 years),SlicePay,"Bengaluru, Karnataka","₹2,50,000 - ₹3,00,000 a month"
Assistant Administrator,"Euro Kids, R T Nagar","R. T. Nagar, Bengaluru, Karnataka","₹1,44,000 a year"
Customer Support Executive,MiniJoy,"Bengaluru, Karnataka","₹30,000 - ₹50,000 a month"
Customer Care Executive (0 to 2 years),SlicePay,"Bengaluru, Karnataka","₹2,50,000 - ₹3,00,000 a month"
Personalized Internet Assessor Kannada Language,Lionbridge,"Bengaluru, Karnataka",
Data Entry for Travel industry,HSI Client- Bangalore,,
Talent Researcher,Philips,,
Guest Service Associate - Food & Beverage,Holiday Inn Express,,
Customer Support Executive,Vmultiply Solutions,,"₹15,000 - ₹20,000 a month"
MIS Executive,Quess Corp Limited,,"₹2,50,000 - ₹3,50,000 a year"
Accounts Payable Associate II,Conduent,,
Accounting Support A2-Fin,Oracle,,
Admissions Executive,Vidyashilp Academy,,"₹3,00,000 - ₹5,00,000 a year"
import export accounts,ECOWOOD EXPORTS PVT LTD,,"₹20,000 - ₹25,000 a month"
Customer Service Assistant,Mouser Electronics,,
Professional Copy Writer,CHAKRA DIGITAL,"Bengaluru, Karnataka",
Assistant Administrator,"Euro Kids, R T Nagar","R. T. Nagar, Bengaluru, Karnataka","₹1,44,000 a year"
Customer Support Executive,MiniJoy,"Bengaluru, Karnataka","₹30,000 - ₹50,000 a month"
Customer Care Executive (0 to 2 years),SlicePay,"Bengaluru, Karnataka","₹2,50,000 - ₹3,00,000 a month"
Personalized Internet Assessor Kannada Language,Lionbridge,"Bengaluru, Karnataka",
Traffic & Shipping Coord II,"ARRIS Group, Inc.",,
Supervisor Customer Service,Thermo Fisher Scientific,,
Office Assistant,ADDCONTACT PUBLISHERS,,"₹1,50,000 - ₹2,00,000 a year"
Urgent Requirement for Store Keeper,Shreeji Interiors,,"₹10,000 - ₹20,000 a month"
Front Office Executive,JLL,,
Admin (Minimum 5 yr exp.),Om made cafe,,"₹30,000 a month"
Project Co-ordinator,iBux Business Solutions,,"₹20,000 - ₹30,000 a month"
"Project Coordinator ( Civil, MEP) - Laboratories",Scient Infra Pvt Ltd,,"₹18,000 - ₹25,000 a month"
Accounts Executive,Level Up Sports,,"₹15,000 - ₹20,000 a month"
Desktop Support Enigneer,Capgemini,,
Professional Copy Writer,CHAKRA DIGITAL,"Bengaluru, Karnataka",
Customer Support Executive,MiniJoy,"Bengaluru, Karnataka","₹30,000 - ₹50,000 a month"
Associate Accounts,BananaIP Counsels,,"₹20,000 - ₹30,000 a month"
DevOps Security Internship,Noon Academy,,"₹30,000 a month"
Quality Inspection,S. J. S. Precious tools,,"₹9,000 - ₹10,000 a month"
Assistant Business Process Services (51006876),DXC,,
Sales Coordinator - South Asia,Skylo Technologies,,
System Administrator,cosmonetsolutions.com,,"₹2,00,000 - ₹3,00,000 a year"
Customer Support Associate,SAP,,
Ticketing Executive,Elements HR Services Pvt Ltd,,"₹15,000 - ₹35,000 a month"
Manual Mobile App Tester,DailyRounds / Neuroglia Health,,
Infrastructure Administrator,Infosys,,
Personalized Internet Assessor Kannada Language,Lionbridge,"Bengaluru, Karnataka",
Professional Copy Writer,CHAKRA DIGITAL,"Bengaluru, Karnataka",
Assistant Administrator,"Euro Kids, R T Nagar","R. T. Nagar, Bengaluru, Karnataka","₹1,44,000 a year"
Assistant Administrator,"Euro Kids, R T Nagar","R. T. Nagar, Bengaluru, Karnataka","₹1,44,000 a year"
Customer Support Executive,MiniJoy,"Bengaluru, Karnataka","₹30,000 - ₹50,000 a month"
Customer Care Executive (0 to 2 years),SlicePay,"Bengaluru, Karnataka","₹2,50,000 - ₹3,00,000 a month"
Personalized Internet Assessor Kannada Language,Lionbridge,"Bengaluru, Karnataka",
Executive Assistant to MD,Kailashdev Infrastructure,,
Associate Translator- Tamil,Reverie Language Technologies,,
Training Administrator,Quanticate ltd,,
Executive Assistant,ADCI - BLR 14 SEZ,,
Project Assistant,National Aerospace Laboratories,,"₹28,000 a month"
MIS Executive- Sales,b9 beverages,,"₹2,00,000 - ₹4,00,000 a year"
School Principal,Millennium World School,,"₹80,000 - ₹1,40,000 a month"
Associate - Finance,Replicon,,
English to Hindi translator,IAS ALLY,,"₹10,000 - ₹15,000 a month"
Professional Copy Writer,CHAKRA DIGITAL,"Bengaluru, Karnataka",
Assistant Administrator,"Euro Kids, R T Nagar","R. T. Nagar, Bengaluru, Karnataka","₹1,44,000 a year"
Customer Support Executive,MiniJoy,"Bengaluru, Karnataka","₹30,000 - ₹50,000 a month"
Customer Care Executive (0 to 2 years),SlicePay,"Bengaluru, Karnataka","₹2,50,000 - ₹3,00,000 a month"
Personalized Internet Assessor Kannada Language,Lionbridge,"Bengaluru, Karnataka",
Quality Controller,Intertek India Pvt Ltd,,
Project Assistant - II,Central Manufacturing Technology Institute (CMTI),,"₹20,000 a month"
Soft Skills Trainer,"Transact Global India Pvt.,Ltd",,"₹30,000 a month"
Counter Sales,The baklava company,,
Sr. Associate - Client Service,State Street,,
Finance Executive - Accounts Payable,"Marriott International, Inc",,
Process Associates - Customer Services,Siemens AG,,
Chief Operating Officer- Start up Hub,ITI Limited,,"₹15,84,000 a year"
CRM Executive,Sone India Group of Industries,,"₹15,000 - ₹25,000 a month"
QA Manual Testing,HealthifyMe,,
Professional Copy Writer,CHAKRA DIGITAL,"Bengaluru, Karnataka",
Assistant Administrator,"Euro Kids, R T Nagar","R. T. Nagar, Bengaluru, Karnataka","₹1,44,000 a year"
Customer Support Executive,MiniJoy,"Bengaluru, Karnataka","₹30,000 - ₹50,000 a month"
Customer Care Executive (0 to 2 years),SlicePay,"Bengaluru, Karnataka","₹2,50,000 - ₹3,00,000 a month"
Personalized Internet Assessor Kannada Language,Lionbridge,"Bengaluru, Karnataka",
Regulatory Audit,MRV Infotech India Pvt Ltd,,"₹15,000 - ₹20,000 a month"
Handling Supervisors,PCR GROUP,,
District Judge,Karnataka High Court,,"₹63,070 a month"
Admin,Technics Info Systems,,"₹15,000 - ₹20,000 a month"
Store Keeper/ Warehouse Assistant,Rockford Management Services,,
Adobe Photoshop illustrator,Treistek India Pvt Ltd,,"₹12,000 - ₹15,000 a month"
Token Operator,Namma Metro,,"₹14,000 - ₹20,000 a month"
Receptionist/Administration Assistant,Avi Solar Energy Pvt Ltd,,"₹2,00,000 - ₹2,40,000 a year"
Computer Vision Internship,KoiReader Technologies,,"₹6,000 - ₹12,000 a month"
Learning Coordinator - Associate 1,State Street,,
Professional Copy Writer,CHAKRA DIGITAL,"Bengaluru, Karnataka",
Assistant Administrator,"Euro Kids, R T Nagar","R. T. Nagar, Bengaluru, Karnataka","₹1,44,000 a year"
Customer Support Executive,MiniJoy,"Bengaluru, Karnataka","₹30,000 - ₹50,000 a month"
Customer Care Executive (0 to 2 years),SlicePay,"Bengaluru, Karnataka","₹2,50,000 - ₹3,00,000 a month"
Personalized Internet Assessor Kannada Language,Lionbridge,"Bengaluru, Karnataka",
MIS Executive,JLL,,
QA Manual Testing,Xolcano Technologies Pvt Ltd,,
Medical representitive,Multipharma,,"₹20,000 - ₹25,000 a month"
Executive Logistics,Siva Trading Company,,"₹12,000 - ₹15,000 a month"
Return to Work Program 2020 - Bangalore,Morgan Stanley,,
Production Supervisor,MVM INDUSTRIES,,"₹20,000 - ₹25,000 a month"
Corporate Transport Operations Executive,Creshya Technologies Pvt Ltd,,"₹12,500 - ₹18,000 a month"
Corporate Sales Executive,BENCHMARK Incentive and Leisure Travels Pvt Ltd,,"₹25,000 - ₹40,000 a month"
Process Associate Trainee,Mr. Cooper,,
Sponsorship Sales,Business Intelligence Meetings & Events,,"₹30,000 a month"
Professional Copy Writer,CHAKRA DIGITAL,"Bengaluru, Karnataka",
Assistant Administrator,"Euro Kids, R T Nagar","R. T. Nagar, Bengaluru, Karnataka","₹1,44,000 a year"
Customer Support Executive,MiniJoy,"Bengaluru, Karnataka","₹30,000 - ₹50,000 a month"
Customer Care Executive (0 to 2 years),SlicePay,"Bengaluru, Karnataka","₹2,50,000 - ₹3,00,000 a month"
Personalized Internet Assessor Kannada Language,Lionbridge,"Bengaluru, Karnataka",
Associate - Projects,Cognizant,,
Event Producer,upendup,,"₹20,000 - ₹30,000 a month"
Procure to Pay Processing-Invoice Processing,Accenture,,
Sales and Marketing,CNTC India Projects,,
R&D Intern,Teva Pharmaceuticals,,
Production Supervisor,ZKTeco Biometrics India Pvt.Ltd.,,
Procurement Services,Wipro Limited,,
Accounts & MIS - Executive,Logikarts Pvt Ltd,,
Librarian,Edify,,
Interior Designer,www.CustHum.com,,"₹12,000 - ₹15,000 a month"
Professional Copy Writer,CHAKRA DIGITAL,"Bengaluru, Karnataka",
Assistant Administrator,"Euro Kids, R T Nagar","R. T. Nagar, Bengaluru, Karnataka","₹1,44,000 a year"
Customer Support Executive,MiniJoy,"Bengaluru, Karnataka","₹30,000 - ₹50,000 a month"
Customer Care Executive (0 to 2 years),SlicePay,"Bengaluru, Karnataka","₹2,50,000 - ₹3,00,000 a month"
Personalized Internet Assessor Kannada Language,Lionbridge,"Bengaluru, Karnataka",
MQ-ADMIN,Larsen & Toubro Infotech Limited,,
modular furniture designer,furniture manufacturing,,"₹60,000 a month"
"Advisor, Data Science",Dell,,
Stores Executive,IV SANCTUM HOTEL,,"₹1,80,000 - ₹2,10,000 a year"
Accounts Assistant,Sunniva construction,,"₹20,000 - ₹30,000 a month"
Finance & Accounts Executive,Chesa Dental Care Services Limited,,"₹25,000 a month"
SME - KYC Static Data,ANZ Banking Group,,
Operations Executive,GlobalShiksha.com,,"₹1,50,000 - ₹2,50,000 a year"
Intern,Centre for Cellular and Molecular Platforms (C-CAM...,,
Internal Auditor,Remidio Innovative Solutions Pvt Ltd,,"₹4,00,000 - ₹8,00,000 a year"
Professional Copy Writer,CHAKRA DIGITAL,"Bengaluru, Karnataka",
Assistant Administrator,"Euro Kids, R T Nagar","R. T. Nagar, Bengaluru, Karnataka","₹1,44,000 a year"
Customer Support Executive,MiniJoy,"Bengaluru, Karnataka","₹30,000 - ₹50,000 a month"
Customer Care Executive (0 to 2 years),SlicePay,"Bengaluru, Karnataka","₹2,50,000 - ₹3,00,000 a month"
Personalized Internet Assessor Kannada Language,Lionbridge,"Bengaluru, Karnataka",
English to Hindi translator,IAS ALLY,,"₹10,000 - ₹15,000 a month"
Contracts Administrator 2-Fin,Oracle,,
MBA (Marketing) - Fresher,SSSPL,,"₹3,00,000 - ₹4,00,000 a year"
System Administration Executive,Avanze Group,,
PCB Designer,Accord Global Technology Solutions,,
Command Centre TM,Capgemini,,
R&A_Supervising Associate,EY,,
"Corporate Sales, Bangalore (Indira Nagar)",Motherhood Hospital,,"₹4,00,000 - ₹5,00,000 a year"
Purchase Executive,Kshmata Engineering Solutions & Consultancy,,
Transformation PMO,EY,,
Professional Copy Writer,CHAKRA DIGITAL,"Bengaluru, Karnataka",
Assistant Administrator,"Euro Kids, R T Nagar","R. T. Nagar, Bengaluru, Karnataka","₹1,44,000 a year"
Customer Support Executive,MiniJoy,"Bengaluru, Karnataka","₹30,000 - ₹50,000 a month"
Customer Care Executive (0 to 2 years),SlicePay,"Bengaluru, Karnataka","₹2,50,000 - ₹3,00,000 a month"
Personalized Internet Assessor Kannada Language,Lionbridge,"Bengaluru, Karnataka",
Company Secretary ( Member for ICSI ),Celestica ( India ) Private Limited,,"₹17,000 - ₹20,000 a month"
Technician,Accord Global Technology Solutions,,
SERVICE ELECTRCIAIN,PROFESSIONAL DIESEL POWER ENGINEERS,,"₹14,000 - ₹18,000 a month"
Chief Financial Officer,Jodhani Papers Pvt. Ltd.,,"₹10,00,000 - ₹12,00,000 a year"
Hospital Administrator,Lone Star Holdings,,"₹5,00,000 - ₹9,00,000 a year"
Order to Cash Processing-Billing/invoicing,Accenture,,
Headmistress / Headmaster,Deccan International School,,
Sales Processing Associate VII,Hewlett Packard Enterprise,,
Associate Accounting,DXC,,
Front Office Executive - HULIMAVU - BANNERGHATTA,PARTHA DENTAL CARE,,"₹10,000 - ₹12,000 a month"
Professional Copy Writer,CHAKRA DIGITAL,"Bengaluru, Karnataka",
Assistant Administrator,"Euro Kids, R T Nagar","R. T. Nagar, Bengaluru, Karnataka","₹1,44,000 a year"
Customer Support Executive,MiniJoy,"Bengaluru, Karnataka","₹30,000 - ₹50,000 a month"
Customer Care Executive (0 to 2 years),SlicePay,"Bengaluru, Karnataka","₹2,50,000 - ₹3,00,000 a month"
Personalized Internet Assessor Kannada Language,Lionbridge,"Bengaluru, Karnataka",
Admin Executive,Simplilearn,,
Personal Assistant/secretary-gauge International(female Only...,Gauge Sewing Machines and Spares,,"₹35,000 - ₹40,000 a month"
Public Relations Executives,Brand Comm,,"₹2,40,000 - ₹3,00,000 a year"
Cashier,FabHotels,,
Citrix Administrator,Apay Technology & Solution Pvt Ltd.,,"₹1,00,000 - ₹1,20,000 a month"
Billing Executive,V-Xpress ( A Division of V-Trans India Ltd),,"₹13,000 - ₹15,000 a month"
Security Guard,Siddi classes private limited,,"₹8,086 - ₹18,000 a month"
Laboratory Calibration Technician,UL,,
JIRA Administrator,Odessa,,
Executive Administrative Assistant,CEKAV,,"₹15,000 - ₹20,000 a month"
Professional Copy Writer,CHAKRA DIGITAL,"Bengaluru, Karnataka",
Assistant Administrator,"Euro Kids, R T Nagar","R. T. Nagar, Bengaluru, Karnataka","₹1,44,000 a year"
Customer Support Executive,MiniJoy,"Bengaluru, Karnataka","₹30,000 - ₹50,000 a month"
Customer Care Executive (0 to 2 years),SlicePay,"Bengaluru, Karnataka","₹2,50,000 - ₹3,00,000 a month"
Personalized Internet Assessor Kannada Language,Lionbridge,"Bengaluru, Karnataka",
Finance Executive,OneDirect,,
Accounts Executive,buildAhome,,"₹15,000 - ₹20,000 a month"
SDET 2,Quotient Technology,,
Payroll Executive,Nightingales,,
Admin and Receptionist,Natyalaya Dance School,,"₹8,000 - ₹10,000 a month"
Business Intelligence Intern,SPX FLOW,,
QA,SpringRole,,"₹3,00,000 - ₹8,00,000 a year"
Document Controller,Nesara Creationss Pvt Ltd,,"₹15,000 - ₹22,000 a month"
Finance Executive - Accounts Receivable,"Marriott International, Inc",,
Project Coordinator,Johnson Controls,,
Professional Copy Writer,CHAKRA DIGITAL,"Bengaluru, Karnataka",
Assistant Administrator,"Euro Kids, R T Nagar","R. T. Nagar, Bengaluru, Karnataka","₹1,44,000 a year"
Customer Support Executive,MiniJoy,"Bengaluru, Karnataka","₹30,000 - ₹50,000 a month"
Customer Care Executive (0 to 2 years),SlicePay,"Bengaluru, Karnataka","₹2,50,000 - ₹3,00,000 a month"
Personalized Internet Assessor Kannada Language,Lionbridge,"Bengaluru, Karnataka",
Executive Customer Service,Avery Dennison,,
Administration Coordinator,Schweitzer Engineering Laboratories,,
Office Administrator,Enable Professional Services pvt ltd,,"₹15,000 - ₹20,000 a month"
SUPV II PRODUCTION,TE Connectivity,,
Interior Designer,The Mallet,,
Network Voice_6yrs to 9yrs_Bangalore,Capgemini,,
Fire Officer,Conrad Hotels & Resorts,,
IN_RBEI_EMC Test Officer Template_IN,Bosch Group,,
Conference Producer,Mindspace Global,,"₹40,000 - ₹50,000 a month"
Looking for Economic faculty on visiting basis,NSIC,,₹500 - ₹600 an hour
Professional Copy Writer,CHAKRA DIGITAL,"Bengaluru, Karnataka",
Personalized Internet Assessor Kannada Language,Lionbridge,"Bengaluru, Karnataka",
Professional Copy Writer,CHAKRA DIGITAL,"Bengaluru, Karnataka",
Customer Support Executive,MiniJoy,"Bengaluru, Karnataka","₹30,000 - ₹50,000 a month"
Fire Officer,Conrad Hotels & Resorts,,
Looking for Economic faculty on visiting basis,NSIC,,₹500 - ₹600 an hour
QAM/NQA,H.N. Apparel Manufacturing (India),,
Cinematographer,UpendUp,,"₹15,000 - ₹30,000 a month"
Interior Designer,www.CustHum.com,,"₹12,000 - ₹15,000 a month"
Motivational Speaker,7 Intelligence Pvt Ltd,,"₹25,000 - ₹30,000 a month"
SCCM Administrator,DXC,,
Flight Operations Data Executive,Wego Pte Ltd,,
Guest Service Associate - Front Office,Holiday Inn Express,,
Executive Administration,Stirred Creative Advertising,,"₹2,00,000 - ₹3,00,000 a year"
Assistant Administrator,"Euro Kids, R T Nagar","R. T. Nagar, Bengaluru, Karnataka","₹1,44,000 a year"
Personalized Internet Assessor Kannada Language,Lionbridge,"Bengaluru, Karnataka",
Professional Copy Writer,CHAKRA DIGITAL,"Bengaluru, Karnataka",
Customer Support Executive,MiniJoy,"Bengaluru, Karnataka","₹30,000 - ₹50,000 a month"
Purchasing Supervisor,Conrad Hotels & Resorts,,
Accounts Executive,HM Constructions,,"₹18,000 - ₹25,000 a month"
Performance Strategist,Hiveminds Innovtaive Market Solutions,,"₹5,00,000 - ₹10,00,000 a year"
PMO,CAPCO,,
SSE,PhonePe,,
Inventory Executive in Travel Industry -- Banglore,2COMS Consulting Pvt Ltd,,"₹17,000 - ₹22,000 a month"
Public Relation Officer,Pinkatom Foundation,,"₹20,000 - ₹25,000 a month"
Student Advisor,Azent Overseas Education,,
Procure PA1,Capgemini,,
Sales Assistant,Surana pharma,,"₹18,000 - ₹20,000 a month"
Assistant Administrator,"Euro Kids, R T Nagar","R. T. Nagar, Bengaluru, Karnataka","₹1,44,000 a year"
Personalized Internet Assessor Kannada Language,Lionbridge,"Bengaluru, Karnataka",
Professional Copy Writer,CHAKRA DIGITAL,"Bengaluru, Karnataka",
Customer Support Executive,MiniJoy,"Bengaluru, Karnataka","₹30,000 - ₹50,000 a month"
Logistics Services - Associate (India),Laundryheap Limited,,
Intern,SpringRole,,
Hindi Transcribers,Gnani.ai,,"₹20,000 - ₹30,000 a month"
Data Entry Operator Cum Assistant,Central Manufacturing Technology Institute (CMTI),,"₹20,000 a month"
Data Entry Operator,Perfect solutions,,"₹25,000 - ₹50,000 a month"
Personal Assistant/secretary-gauge International(female Only...,Gauge Sewing Machines and Spares,,"₹35,000 - ₹40,000 a month"
Sr. Process Associate- SCM Services,Siemens AG,,
Recruitment Coordinator,Greytip,,
R2A Record PA2,Capgemini,,
Content Writer,Brand Identity,,"₹25,000 - ₹35,000 a month"
Assistant Administrator,"Euro Kids, R T Nagar","R. T. Nagar, Bengaluru, Karnataka","₹1,44,000 a year"
Personalized Internet Assessor Kannada Language,Lionbridge,"Bengaluru, Karnataka",
Professional Copy Writer,CHAKRA DIGITAL,"Bengaluru, Karnataka",
Customer Support Executive,MiniJoy,"Bengaluru, Karnataka","₹30,000 - ₹50,000 a month"
Content Writer,Brand Identity,,"₹25,000 - ₹35,000 a month"
EVENT COORDINATOR,Prominence,,
Accounts Executive,FBP Consultants Private Limited,,
Executive Assistant,ATSPL - Karnataka,,
Front Office Executive,Jain Heights & Structure Pvt Ltd,,"₹18,000 - ₹23,000 a month"
Admission Counsellor,INSD international school of design,,"₹15,000 - ₹50,000 a month"
Customer Support Executive,Get Simpl Technologies,,"₹15,000 - ₹25,000 a month"
Operations Executive - Bangalore,Slice,,"₹2,40,000 - ₹3,00,000 a year"
Photographer,Klic Pic,,
Delivery Boy / Delivery Executive (Fresher) - Bangalore,Ride.Swiggy,,"₹35,000 a month"
Assistant Administrator,"Euro Kids, R T Nagar","R. T. Nagar, Bengaluru, Karnataka","₹1,44,000 a year"
Assistant Administrator,"Euro Kids, R T Nagar","R. T. Nagar, Bengaluru, Karnataka","₹1,44,000 a year"
Customer Support Executive,MiniJoy,"Bengaluru, Karnataka","₹30,000 - ₹50,000 a month"
Customer Care Executive (0 to 2 years),SlicePay,"Bengaluru, Karnataka","₹2,50,000 - ₹3,00,000 a month"
Office 365 Build and Administrator / O365 Build and Admin,Torry Harris,,
VmWare Vrealize-Administrator,Wipro Limited,,
IBM-AIX Admin-Administrator,Wipro Limited,,
Account Assistant,Apsara Silks,,
Sr.Process Associate - Accounts Payable,Siemens AG,,
"Customer Support Executive (Voice, Non-Voice, Semi Voice Pro...",Careglobe,,"₹18,000 - ₹30,000 a month"
Immediate Requirement For Escalation Executive,eTeam InfoServices Pvt. Ltd,,
AVP- Business Audit,State Street,,
Data warehouse support associate,Société Générale,,
International Voice Process / Customer Support / Bpo / Rotat...,eTeam InfoServices Pvt. Ltd,,"₹21,000 - ₹30,000 a month"
Personalized Internet Assessor Kannada Language,Lionbridge,"Bengaluru, Karnataka",
Professional Copy Writer,CHAKRA DIGITAL,"Bengaluru, Karnataka",
Assistant Administrator,"Euro Kids, R T Nagar","R. T. Nagar, Bengaluru, Karnataka","₹1,44,000 a year"
Customer Support Executive,MiniJoy,"Bengaluru, Karnataka","₹30,000 - ₹50,000 a month"
Customer Care Executive (0 to 2 years),SlicePay,"Bengaluru, Karnataka","₹2,50,000 - ₹3,00,000 a month"
Creative Designer,Qthreeventures,,"₹50,000 - ₹60,000 a month"
MIS Executive,MG - Morris Garages,,
Jr. Accounts Executive,Doqfy Internet Pvt Limited,,"₹12,000 - ₹15,000 a month"
Cinematographer,Vijayeesam & Co.,,"₹20,000 - ₹40,000 a month"
Clinical Trial Administrator,PSI CRO,,
Network/System Administrator,Pepper Media Pvt Ltd,,"₹2,00,000 - ₹4,00,000 a year"
Production Associate,BEMPU,,
Sales & Marketing Executive,SHADEFLEX INDIA PVT LTD,,"₹35,000 - ₹40,000 a month"
Associate - Data Analysis- Cognos Reporting,JP Morgan Chase,,
Content Auditor,Kwai,,
Personalized Internet Assessor Kannada Language,Lionbridge,"Bengaluru, Karnataka",
Professional Copy Writer,CHAKRA DIGITAL,"Bengaluru, Karnataka",
Assistant Administrator,"Euro Kids, R T Nagar","R. T. Nagar, Bengaluru, Karnataka","₹1,44,000 a year"
Customer Support Executive,MiniJoy,"Bengaluru, Karnataka","₹30,000 - ₹50,000 a month"
Customer Care Executive (0 to 2 years),SlicePay,"Bengaluru, Karnataka","₹2,50,000 - ₹3,00,000 a month"
Community Engagement Coordinator,oyorooms.com,,
Customer Support Associate,Cemex Management pvt.ltd,,"₹18,500 - ₹24,500 a month"
Marketing Executive,Toppr,,"₹25,000 - ₹40,000 a month"
Executive Secretary for Spiritual Ashram,Texila Education and Management Services Pvt.Ltd,,"₹20,000 - ₹25,000 a month"
BPO Executive,Careglobe,,"₹18,000 - ₹30,000 a month"
Warehouse Supervisor,HR Hub,,
Admin Assistant,RGL,,"₹20,000 - ₹24,000 a month"
Public Relations Officer,Manipal Northside Hospital,,"₹2,00,000 - ₹3,00,000 a year"
Sr. Executive - Finance & Accounts,Avi Solar Energy Pvt Ltd,,"₹2,40,000 - ₹3,00,000 a year"
Supply Chain Executive,RADIANT HEALTH CARE PVT LTD,,"₹3,60,000 - ₹4,20,000 a year"
Personalized Internet Assessor Kannada Language,Lionbridge,"Bengaluru, Karnataka",
Professional Copy Writer,CHAKRA DIGITAL,"Bengaluru, Karnataka",
Assistant Administrator,"Euro Kids, R T Nagar","R. T. Nagar, Bengaluru, Karnataka","₹1,44,000 a year"
Customer Support Executive,MiniJoy,"Bengaluru, Karnataka","₹30,000 - ₹50,000 a month"
Customer Care Executive (0 to 2 years),SlicePay,"Bengaluru, Karnataka","₹2,50,000 - ₹3,00,000 a month"
"Strategic Projects, AVP",State Street,,
Field Officer,suraksha financial servces and investments,,"₹15,000 - ₹18,000 a month"
"Customer Service Representative,call center",GENIUS CONSULTING,,"₹15,000 - ₹30,000 a month"
Corporate Fundraising Officer,Education Recharge,,"₹25,000 - ₹45,000 a month"
Change Coordinator,FIS Global,,
Bpo non voice (Fresher),Club Factory,,"₹12,000 - ₹16,000 a month"
Store Keeper,HM Constructions,,"₹18,000 - ₹23,000 a month"
Back Office Executive - Data Processing Executive,Amtush InfoSolutions Private Limited,,"₹1,50,000 - ₹2,00,000 a year"
Wintel Administrator,DXC,,
Accounts & Administration,Palpx,,"₹18,000 - ₹25,000 a month"
Personalized Internet Assessor Kannada Language,Lionbridge,"Bengaluru, Karnataka",
Professional Copy Writer,CHAKRA DIGITAL,"Bengaluru, Karnataka",
Assistant Administrator,"Euro Kids, R T Nagar","R. T. Nagar, Bengaluru, Karnataka","₹1,44,000 a year"
Customer Support Executive,MiniJoy,"Bengaluru, Karnataka","₹30,000 - ₹50,000 a month"
Customer Care Executive (0 to 2 years),SlicePay,"Bengaluru, Karnataka","₹2,50,000 - ₹3,00,000 a month"
Supervisor - Operations,Pro Nature Organic Foods Private Limited,,"₹14,000 - ₹18,000 a month"
Graphic Designer - Funded Startup,ExpertEase,,"₹5,00,000 - ₹13,00,000 a year"
"Finance & Accounts Executive - Koramangala, Bangalore",Redwood Algorithms,,"₹10,000 - ₹20,000 a month"
ITT_GDT7_DB Admin,Daimler,,
Fresher vacancy in Pharmacovigilance at Kinapse,Kinapse India Pvt Ltd,,
Immediate Opening for Admission Counsellor,IIFA LANCASTER DEGREE COLLEGE,,"₹20,000 - ₹25,000 a month"
Automation Tester (Selenium/ UFT),NTT DATA Services,,
Network Engineer_6yrs to 9yrs_Bangalore,Capgemini,,
Associate Provider Service Representative,UnitedHealth Group,,
Associate_GFI Asia LEC,JP Morgan Chase,,
Personalized Internet Assessor Kannada Language,Lionbridge,"Bengaluru, Karnataka",
Professional Copy Writer,CHAKRA DIGITAL,"Bengaluru, Karnataka",
Assistant Administrator,"Euro Kids, R T Nagar","R. T. Nagar, Bengaluru, Karnataka","₹1,44,000 a year"
Customer Support Executive,MiniJoy,"Bengaluru, Karnataka","₹30,000 - ₹50,000 a month"
Customer Care Executive (0 to 2 years),SlicePay,"Bengaluru, Karnataka","₹2,50,000 - ₹3,00,000 a month"
Associate_GFI Asia LEC,JP Morgan Chase,,
Customer Support (Only female) - Night Shift,Cresc datasoft Pvt. Ltd,,"₹25,000 - ₹40,000 a month"
Account Executive,Yes Property,,"₹25,000 - ₹30,000 a month"
Tradesman,Raman Research Institute,,"₹32,000 a month"
Network Admin,Novel Office,,"₹2,25,000 - ₹4,00,000 a year"
Despatch Supervisor,Kickstart Cabs,,"₹12,000 - ₹14,000 a month"
Scientific Editor,BioQuest Solutions Pvt Ltd,,"₹4,00,000 - ₹6,00,000 a year"
Processing Associate – Data Analysis (Typist),Alternative Business Intelligence Pvt Ltd,,"₹2,00,000 - ₹2,20,000 a year"
Job Opportunity at Thyrocare - Runner Boy ( Pick up Boy),Thyrocare Technologies Ltd,,"₹12,000 - ₹20,000 a month"
CLIENT SERVICING - EVENTS AND ACTIVATION,Route To Market Media India Pvt Ltd,,
Personalized Internet Assessor Kannada Language,Lionbridge,"Bengaluru, Karnataka",
Professional Copy Writer,CHAKRA DIGITAL,"Bengaluru, Karnataka",
Assistant Administrator,"Euro Kids, R T Nagar","R. T. Nagar, Bengaluru, Karnataka","₹1,44,000 a year"
Customer Support Executive,MiniJoy,"Bengaluru, Karnataka","₹30,000 - ₹50,000 a month"
Customer Care Executive (0 to 2 years),SlicePay,"Bengaluru, Karnataka","₹2,50,000 - ₹3,00,000 a month"
US IT Recruiter,Zynom Technologies Pvt Ltd,,"₹20,000 - ₹30,000 a month"
Finance Executive,Inspire Honda,,"₹10,000 - ₹25,000 a month"
Department Assistant for Global IT,Novo Nordisk India,,
SDET,Cure.Fit,,
US VOICE & NON-VOICE PROCESS,Vibry Business Solutions,,"₹26,000 a month"
Opening For Freshers B.Com/B.Sc,Nimiety Careers,,"₹15,000 a month"
TIBCO BW 6-Developer,Wipro LTD,,
Informatica Developer_07746302_Bengaluru,Mphasis,,
B2_IA_Operations,Capgemini,,
CSR (Customer Service Representative),Maventum Tech Solutions Pvt Ltd.,,"₹12,000 - ₹30,000 a month"
Personalized Internet Assessor Kannada Language,Lionbridge,"Bengaluru, Karnataka",
Professional Copy Writer,CHAKRA DIGITAL,"Bengaluru, Karnataka",
Assistant Administrator,"Euro Kids, R T Nagar","R. T. Nagar, Bengaluru, Karnataka","₹1,44,000 a year"
Customer Support Executive,MiniJoy,"Bengaluru, Karnataka","₹30,000 - ₹50,000 a month"
Customer Care Executive (0 to 2 years),SlicePay,"Bengaluru, Karnataka","₹2,50,000 - ₹3,00,000 a month"
Video Editor,UpendUp,,"₹25,000 - ₹35,000 a month"
Admission Counselor,indian school of excellence,,"₹20,000 - ₹30,000 a month"
Occupancy Planner,JLL,,
Accounts Assistant,Innappsys Technologies,,"₹15,000 - ₹20,000 a month"
Warehouse Operations-E-Commerce - Bangalore,Aditya Birla Group,,₹476 a day
Invoice Processing PA2,Capgemini,,
MIS Sales Coordinator,GRB Dairy foods pvt.ltd,,"₹18,000 - ₹20,000 a month"
Online Cyber Security Faculty (Part-Time),LINC Education Services,,"₹30,000 - ₹50,000 a month"
Immediate openings for Store Keeper - Yelahanka,Presidency University,,"₹25,000 - ₹30,000 a month"
Customer Support Executive,BIGLEAP TECHNOLOGIES AND SOLUTIONS PVT LTD,,"₹16,000 - ₹23,000 a month"
Personalized Internet Assessor Kannada Language,Lionbridge,"Bengaluru, Karnataka",
Professional Copy Writer,CHAKRA DIGITAL,"Bengaluru, Karnataka",
Assistant Administrator,"Euro Kids, R T Nagar","R. T. Nagar, Bengaluru, Karnataka","₹1,44,000 a year"
Customer Support Executive,MiniJoy,"Bengaluru, Karnataka","₹30,000 - ₹50,000 a month"
Customer Care Executive (0 to 2 years),SlicePay,"Bengaluru, Karnataka","₹2,50,000 - ₹3,00,000 a month"
Store Incharge,Assal Foods,,
Customer Service Representative-Semi Voice Process,Careglobe,,"₹18,000 - ₹30,000 a month"
Customer Service Representative I,Thermo Fisher Scientific,,
AGM - MAINTENANCE,HM Constructions,,"₹50,000 - ₹70,000 a month"
Officer SCM,Avery Dennison,,
International Voice process,Nuelearn Global Pvt Ltd,,"₹2,20,000 - ₹2,50,000 a year"
Operations Administrator,Chantilly Group,,"₹2,00,000 - ₹2,50,000 a year"
Recruitment-Talent Acquisition,Accenture,,
Recruiter - Bangalore,JP Morgan Chase,,
Public Relations Officer,Amer juneidi food industries,,"₹12,000 - ₹13,000 a month"
Personalized Internet Assessor Kannada Language,Lionbridge,"Bengaluru, Karnataka",
Professional Copy Writer,CHAKRA DIGITAL,"Bengaluru, Karnataka",
Assistant Administrator,"Euro Kids, R T Nagar","R. T. Nagar, Bengaluru, Karnataka","₹1,44,000 a year"
Customer Support Executive,MiniJoy,"Bengaluru, Karnataka","₹30,000 - ₹50,000 a month"
Customer Care Executive (0 to 2 years),SlicePay,"Bengaluru, Karnataka","₹2,50,000 - ₹3,00,000 a month"
Change & Release Co-ordinator,GSK,,
Executive Assistant,Verisk Financial,,
OCC Coordinator,AirAsia,,
Client Servicing Executive,routeto market media,,
Site Supervisor,Truneto,,"₹18,000 - ₹20,000 a month"
Project Co-ordinator / Site Execution-Interiors,17Coders,,
Accounts Executive,Shenzyn (4Gen Technologies Company Pvt. Ltd.),,"₹20,000 - ₹25,000 a month"
"MIS Executive, Bangalore - Silk Board",Abylle Solution Pvt.Ltd,,"₹12,000 - ₹18,000 a month"
Service Coordinator,jeeves customer services,,"₹15,000 - ₹20,000 a month"
Inside Sales Executive (2yeae exp) (SAAS),MoralMag,,"₹50,000 - ₹90,000 a month"
Personalized Internet Assessor Kannada Language,Lionbridge,"Bengaluru, Karnataka",
Professional Copy Writer,CHAKRA DIGITAL,"Bengaluru, Karnataka",
Assistant Administrator,"Euro Kids, R T Nagar","R. T. Nagar, Bengaluru, Karnataka","₹1,44,000 a year"
Customer Support Executive,MiniJoy,"Bengaluru, Karnataka","₹30,000 - ₹50,000 a month"
Customer Care Executive (0 to 2 years),SlicePay,"Bengaluru, Karnataka","₹2,50,000 - ₹3,00,000 a month"
Talent Acquisition,Careator Technologies,,
Customer Service Representative,Vogo,,
System Administrator,Scintilla Bio,,
CBS Global Assistant,Cargill,,
IT Recruiter,joulestowatts bussiness solutions pvt ltd,,
Desktop Administration- 1yr to 2yrs – Bangalore,Capgemini,,
Network Engineer-4yrs to 6yrs-Bangalore,Capgemini,,
AI in Computer Vision,CSTEP,,
Sr. Executive Administration,Damden Properties,,
Tele Caller Executive,Atria University,,"₹25,000 - ₹30,000 a month"
Personalized Internet Assessor Kannada Language,Lionbridge,"Bengaluru, Karnataka",
Professional Copy Writer,CHAKRA DIGITAL,"Bengaluru, Karnataka",
Assistant Administrator,"Euro Kids, R T Nagar","R. T. Nagar, Bengaluru, Karnataka","₹1,44,000 a year"
Customer Support Executive,MiniJoy,"Bengaluru, Karnataka","₹30,000 - ₹50,000 a month"
Customer Care Executive (0 to 2 years),SlicePay,"Bengaluru, Karnataka","₹2,50,000 - ₹3,00,000 a month"
Social Media Executive,Meesho,,
Entry General Ledger Acct,CDM Smith,,
Administer to Work PA1,Capgemini,,
Marketing and Events Executive,Vidyashilp Academy,,"₹3,00,000 - ₹5,00,000 a year"
Executive - Affiliate Marketing,GetMyUni,,"₹3,00,000 - ₹4,50,000 a year"
Tableau Admin,Infosys technology limited,,
JIRA,Capgemini,,
Medical Receptionist,Bangalore Rheumatology Center,,"₹10,000 - ₹10,001 a month"
Visual Arts Planner-Education Industry,K12 Techno Services Pvt Ltd,,"₹35,000 - ₹45,000 a month"
Catalog Associate,Harrison,,"₹15,000 - ₹25,000 a month"
Personalized Internet Assessor Kannada Language,Lionbridge,"Bengaluru, Karnataka",
Professional Copy Writer,CHAKRA DIGITAL,"Bengaluru, Karnataka",
Assistant Administrator,"Euro Kids, R T Nagar","R. T. Nagar, Bengaluru, Karnataka","₹1,44,000 a year"
Customer Support Executive,MiniJoy,"Bengaluru, Karnataka","₹30,000 - ₹50,000 a month"
Customer Care Executive (0 to 2 years),SlicePay,"Bengaluru, Karnataka","₹2,50,000 - ₹3,00,000 a month"
Catalog Associate,Harrison,,"₹15,000 - ₹25,000 a month"
Proposal Author,Capgemini,,
Operational Assistant - South India,MRF Tyres,,"₹3,00,000 - ₹3,25,000 a year"
Sales officer- home loans,ACME INFOSYSTEM,,"₹2,00,000 - ₹3,50,000 a month"
Inside Sales Representative,Truww.com,,"₹30,000 - ₹50,000 a month"
Operation Executive,Embibe,,
Home Sales Officer Metro & A,Reliance Jio Infocomm Limited,,
Desktop Technician,Mouser Electronics,,
Record To Report-Reconciliations,Accenture,,
Accounts Internship,Intugine Technologies Private Limited,,"₹13,000 - ₹16,000 a month"
Personalized Internet Assessor Kannada Language,Lionbridge,"Bengaluru, Karnataka",
Professional Copy Writer,CHAKRA DIGITAL,"Bengaluru, Karnataka",
Assistant Administrator,"Euro Kids, R T Nagar","R. T. Nagar, Bengaluru, Karnataka","₹1,44,000 a year"
Customer Support Executive,MiniJoy,"Bengaluru, Karnataka","₹30,000 - ₹50,000 a month"
Customer Care Executive (0 to 2 years),SlicePay,"Bengaluru, Karnataka","₹2,50,000 - ₹3,00,000 a month"
Interior Designer/ Home Space Designer,Cleekart Interio Pvt Ltd,,"₹6,000 - ₹8,000 a month"
Client Servicing Executive,Mind Blue LLP,,"₹2,00,000 - ₹7,00,000 a year"
Project Assistant,PPD,,
Sr. Content Writer,Urban Blueprint,,"₹40,000 - ₹70,000 a month"
International Voice Process - Day Shift,Swethan Consulting,,"₹15,000 - ₹30,000 a month"
Structural Draughtsman,Buildahome,,
"Core Business Services - Administrative Advanced - Brand, Ma...",EY,,
Network Administrator,HB Services,,"₹1,50,000 - ₹3,25,000 a year"
Customer Service Associate,Boaats Corporate Solutions,,
Office Administrator,Apttus,,
Personalized Internet Assessor Kannada Language,Lionbridge,"Bengaluru, Karnataka",
Professional Copy Writer,CHAKRA DIGITAL,"Bengaluru, Karnataka",
Assistant Administrator,"Euro Kids, R T Nagar","R. T. Nagar, Bengaluru, Karnataka","₹1,44,000 a year"
Customer Support Executive,MiniJoy,"Bengaluru, Karnataka","₹30,000 - ₹50,000 a month"
Customer Care Executive (0 to 2 years),SlicePay,"Bengaluru, Karnataka","₹2,50,000 - ₹3,00,000 a month"
Service Inside Sales Representative,Beckman Coulter - Life Sciences Danaher,,
Clear Case Admin Texas Instrument,Client of Aeronube,,
Security Supervisor,Advance Group,,"₹20,000 - ₹21,000 a month"
Front Office Executive - HULIMAVU - BANNERGHATTA,PARTHA DENTAL CARE,,"₹10,000 - ₹12,000 a month"
Data Entry,Perfect solutions,,"₹25,000 - ₹50,000 a month"
Operations Executive,Guarented Rentals Private Limited,,"₹16,000 - ₹25,000 a month"
Permission or Outreach officer,DONBOSCO,,"₹15,000 - ₹25,000 a month"
MIS Executive,Company India Limited,,"₹20,000 - ₹30,000 a month"
Marketing Officer,Canares engineeing company,,"₹25,000 - ₹35,000 a month"
Finance Controller & Accounts,Samosa Singh,,"₹50,000 - ₹60,000 a month"
Personalized Internet Assessor Kannada Language,Lionbridge,"Bengaluru, Karnataka",
Professional Copy Writer,CHAKRA DIGITAL,"Bengaluru, Karnataka",
Assistant Administrator,"Euro Kids, R T Nagar","R. T. Nagar, Bengaluru, Karnataka","₹1,44,000 a year"
Customer Support Executive,MiniJoy,"Bengaluru, Karnataka","₹30,000 - ₹50,000 a month"
Customer Care Executive (0 to 2 years),SlicePay,"Bengaluru, Karnataka","₹2,50,000 - ₹3,00,000 a month"
Marketing Officer,Canares engineeing company,,"₹25,000 - ₹35,000 a month"
Customer Service Representative,"M S International, Inc.",,
auditor,TRPW strategic partners Pvt Ltd,,"₹1,50,000 - ₹1,80,000 a year"
Profile for BFS - Group AA,Wipro LTD,,
Production Executive,AA Advertising and Communications,,
PPT Designer,ZenSciences,,"₹3,50,000 - ₹6,00,000 a year"
ERP Administrator 2,Capgemini,,
Office Executive,Redwood Algorithms,,"₹60,000 - ₹96,000 a year"
Trainee Project Coordinator,Your Practice Online,,
Front Office Executive,Holiday Inn Express,,
Personalized Internet Assessor Kannada Language,Lionbridge,"Bengaluru, Karnataka",
Professional Copy Writer,CHAKRA DIGITAL,"Bengaluru, Karnataka",
Assistant Administrator,"Euro Kids, R T Nagar","R. T. Nagar, Bengaluru, Karnataka","₹1,44,000 a year"
Customer Support Executive,MiniJoy,"Bengaluru, Karnataka","₹30,000 - ₹50,000 a month"
Customer Care Executive (0 to 2 years),SlicePay,"Bengaluru, Karnataka","₹2,50,000 - ₹3,00,000 a month"
Advisor Finance,DXC,,
Intern,Siemens AG,,
Accounts Executive,Anant Cars Auto PVT. LTD,,"₹12,000 - ₹20,000 a month"
Applications Support,JPMorgan Chase,,
Admission Counsellor,HKBK Degree College,,
"Transmission – Clutch set design, Shifter design",Daimler,,
Executive Operations,IBC Verification Services,,
Account assistant,Globelinktravel Pvt Ltd,,"₹10,000 - ₹20,000 a month"
Producer,Zynga,,
IT admin,Matrix Corporate Management Services Pvt Ltd.,,"₹2,40,000 a year"
Personalized Internet Assessor Kannada Language,Lionbridge,"Bengaluru, Karnataka",
Professional Copy Writer,CHAKRA DIGITAL,"Bengaluru, Karnataka",
Assistant Administrator,"Euro Kids, R T Nagar","R. T. Nagar, Bengaluru, Karnataka","₹1,44,000 a year"
Customer Support Executive,MiniJoy,"Bengaluru, Karnataka","₹30,000 - ₹50,000 a month"
Customer Care Executive (0 to 2 years),SlicePay,"Bengaluru, Karnataka","₹2,50,000 - ₹3,00,000 a month"
Accounts Assistant,Shravanthi Group,,"₹2,00,000 - ₹3,00,000 a year"
Transmission DMU,Daimler,,
Program Coordinator,Edureka,,
"Corporate sales, KAM, placement of candidates.",Quess crop Ltd,,"₹5,00,000 - ₹6,00,000 a year"
Accounts Executive,panthera august estates projects,,"₹1,50,000 - ₹3,50,000 a year"
Data Practitioner,Brillio,,
Data Entry Operator,PrestineX Engineering Pvt. Ltd.,,
Customer Support Executive - Chat Process,Wmall,,"₹16,000 - ₹18,000 a month"
Customer Service Team - Equity,Paytm Money,,
Accounts Assistant,Surfaces,,"₹11,000 - ₹15,000 a month"
Personalized Internet Assessor Kannada Language,Lionbridge,"Bengaluru, Karnataka",
Professional Copy Writer,CHAKRA DIGITAL,"Bengaluru, Karnataka",
Assistant Administrator,"Euro Kids, R T Nagar","R. T. Nagar, Bengaluru, Karnataka","₹1,44,000 a year"
Customer Support Executive,MiniJoy,"Bengaluru, Karnataka","₹30,000 - ₹50,000 a month"
Customer Care Executive (0 to 2 years),SlicePay,"Bengaluru, Karnataka","₹2,50,000 - ₹3,00,000 a month"
CIS BOOKING EXECUTIVE,Johnson Controls,,
Female Office Admin to handle calls & Follow up,1stHome.in,,"₹12,000 - ₹20,000 a month"
Social Media and Escalation openings,eTeam InfoServices Pvt. Ltd,,"₹18,000 - ₹38,000 a month"
Purchase Executive,FUREIN CONSTRUCTION ENGINEERING PRIVATE LIMITED,,"₹2,00,000 - ₹3,00,000 a year"
Personal Secretary,Vaps Technosoft Pvt Ltd,,"₹25,000 - ₹30,000 a month"
Accounts Process Executive,Vibry Business Solutions,,"₹14,500 a month"
Sr. Process Associate - Customer Services,Siemens AG,,
Accounts Executive,bi om medical technology,,"₹3,50,000 - ₹5,50,000 a year"
Billing Executive,Sumaroni Enterprises,,"₹8,000 - ₹10,000 a month"
Data Analytics,Universal Electronics,,
Personalized Internet Assessor Kannada Language,Lionbridge,"Bengaluru, Karnataka",
Professional Copy Writer,CHAKRA DIGITAL,"Bengaluru, Karnataka",
Assistant Administrator,"Euro Kids, R T Nagar","R. T. Nagar, Bengaluru, Karnataka","₹1,44,000 a year"
Customer Support Executive,MiniJoy,"Bengaluru, Karnataka","₹30,000 - ₹50,000 a month"
Customer Care Executive (0 to 2 years),SlicePay,"Bengaluru, Karnataka","₹2,50,000 - ₹3,00,000 a month"
ERC Generalist,Adobe,,
MIS Executive,Investianz Group,,"₹4,00,000 - ₹4,50,000 a year"
Content Writer,Kofluence,,"₹3,00,000 - ₹6,00,000 a year"
L&T_AMMTechnical Publication_2+years__Keerthi Prasad V,Unitforce Technologies Conslt,,
Special Educator,Pro Physio Healthcare LLP,,"₹20,000 - ₹25,000 a month"
Guest Relation Executive,The Choice of India,,
Intern - WFO,Cadence Design Systems,,
Documentary Trade Operator,Deutsche Bank,,
Carplay System engineerC2H,Unitforce Technologies Conslt,,
Process Associate - SCM Services,Siemens AG,,
Personalized Internet Assessor Kannada Language,Lionbridge,"Bengaluru, Karnataka",
Professional Copy Writer,CHAKRA DIGITAL,"Bengaluru, Karnataka",
Assistant Administrator,"Euro Kids, R T Nagar","R. T. Nagar, Bengaluru, Karnataka","₹1,44,000 a year"
Customer Support Executive,MiniJoy,"Bengaluru, Karnataka","₹30,000 - ₹50,000 a month"
Customer Care Executive (0 to 2 years),SlicePay,"Bengaluru, Karnataka","₹2,50,000 - ₹3,00,000 a month"
Backend Coordinator Requried on Urgent Basis,PYRAMIDION,,"₹12,000 - ₹15,000 a month"
Service Executives,PRAMIE Power,,
ePublishing,MetaRays Private Limited,,"₹1,00,000 - ₹4,50,000 a year"
Asset Coodinator,Magna Infotech,,
Customer Service,SPYRO Strategic Consultant,,"₹18,000 - ₹21,000 a month"
Associate - Retail Branch Operations,TATA Capital,,
REQUIRED IT INTERN,Digital Fashion Factory (DFF),,
Guest Services Assistant,AirAsia,,
Footware distributer,Tyremarket.com,,"₹15,000 - ₹20,000 a month"
Courier Coordinator/ Purchase Executive/ Logistics Assistant,GlobalShiksha.com,,"₹1,00,000 - ₹4,00,000 a year"
Personalized Internet Assessor Kannada Language,Lionbridge,"Bengaluru, Karnataka",
Professional Copy Writer,CHAKRA DIGITAL,"Bengaluru, Karnataka",
Assistant Administrator,"Euro Kids, R T Nagar","R. T. Nagar, Bengaluru, Karnataka","₹1,44,000 a year"
Customer Support Executive,MiniJoy,"Bengaluru, Karnataka","₹30,000 - ₹50,000 a month"
Customer Care Executive (0 to 2 years),SlicePay,"Bengaluru, Karnataka","₹2,50,000 - ₹3,00,000 a month"
Talent Acquisition Partner,Bastian Solutions,,
Welfare Officer,Texport Industries Private Limited,,
Sr. Executive—Accounts,Brigade Group,,
PMO_C1,Capgemini,,
NOC Lead_4years to 6years_Bangalore,Capgemini,,
Milk Delivery Person,mistwood pvt ltd,,"₹8,000 - ₹10,000 a month"
Finance and Accounts,Pitstop,,
School Administrator,Daisy Montessori School,,
"3D Designer - 3DS Max, VRay, Photoshop",The Studio by Nandita Manwani,,"₹16,000 - ₹20,000 a month"
Personalized Internet Assessor Kannada Language,Lionbridge,"Bengaluru, Karnataka",
Professional Copy Writer,CHAKRA DIGITAL,"Bengaluru, Karnataka",
Assistant Administrator,"Euro Kids, R T Nagar","R. T. Nagar, Bengaluru, Karnataka","₹1,44,000 a year"
Customer Support Executive,MiniJoy,"Bengaluru, Karnataka","₹30,000 - ₹50,000 a month"
Customer Care Executive (0 to 2 years),SlicePay,"Bengaluru, Karnataka","₹2,50,000 - ₹3,00,000 a month"
LMS Admin,UMS & Service PVT. LTD.,,
Tool & Die Maker,Canares engineeing company,,"₹8,086 - ₹26,285 a month"
Back Office Executive,Procain Consulting & Services Pvt. Ltd.,,"₹13,000 - ₹18,000 a month"
Facilities Executive,JLL,,
Customer Support Representative,TruckEasy,,"₹20,000 - ₹30,000 a month"
Accounts Receivable Executive,Greytip,,
Offline Merchant Support,Amazon Pay(India) Private Lmtd,,
Operations Executive,Pro Nature Organic Foods Private Limited,,"₹15,000 - ₹16,000 a month"
Computer Hardware & Networking Faculty,Aurumtech Services,,
Staff Design Verification Engr,Cypress Semiconductor,,
Personalized Internet Assessor Kannada Language,Lionbridge,"Bengaluru, Karnataka",
Professional Copy Writer,CHAKRA DIGITAL,"Bengaluru, Karnataka",
Assistant Administrator,"Euro Kids, R T Nagar","R. T. Nagar, Bengaluru, Karnataka","₹1,44,000 a year"
Customer Support Executive,MiniJoy,"Bengaluru, Karnataka","₹30,000 - ₹50,000 a month"
Customer Care Executive (0 to 2 years),SlicePay,"Bengaluru, Karnataka","₹2,50,000 - ₹3,00,000 a month"
diploma electrical jobs at bangalore,Integrated Personnel Services Pvt Ltd,,"₹18,000 - ₹20,000 a month"
Furniture Assembler,9to6 solutions,,"₹25,000 - ₹30,000 a month"
Network System Administration,Capgemini,,
Hiring For Metallurgist,Futures and Careers,,
SPS Supervisor,ADCI - BLR 14 SEZ,,
Accounts Executive,Talent Corner HR Services Private Limited,,"₹15,000 - ₹20,000 a month"
MBA [HR&MARKETING]-Executive Required- Office Job,CITYLAND TECHNOLOGIES PRIVATE LIMITED,,"₹15,000 - ₹30,000 a month"
Robotics progrmmer,Canares engineeing company,,"₹5,00,000 - ₹7,00,000 a year"
CA Article Trainee,RJMJ & Associates,,"₹5,000 - ₹7,000 a month"
REQUIRED MAINFRAME LEADE,ITC Infotech,,
Personalized Internet Assessor Kannada Language,Lionbridge,"Bengaluru, Karnataka",
Professional Copy Writer,CHAKRA DIGITAL,"Bengaluru, Karnataka",
Personalized Internet Assessor Kannada Language,Lionbridge,"Bengaluru, Karnataka",
Professional Copy Writer,CHAKRA DIGITAL,"Bengaluru, Karnataka",
Internal Auditor,HP,,
Student Counsellor,"EduCADD, Marathahalli",,"₹18,000 - ₹20,000 a month"
Social Media + CS Executive,Mirable Health Service,,"₹30,000 a month"
Operations Executive,Graphite Enterprises,,"₹19,000 - ₹21,000 a month"
Personal Secretary Female,Resonos Technologies,,"₹15,000 - ₹30,000 a month"
Data Entry Executive,MANGO HYPERMARKET,,
delivery boy,MILKPOT.COM,,"₹8,000 - ₹10,000 a month"
CRM - Client Relationship Managar,7 Intelligence Pvt Ltd,,"₹25,000 - ₹35,000 a month"
Travel & Tourism Internship,Payism Global,,"₹10,000 - ₹20,000 a month"
ternal Audit Big 4 Company-7291904974,Wsne Consulting Private Limited,,"₹8,50,000 - ₹14,00,000 a year"
Assistant Administrator,"Euro Kids, R T Nagar","R. T. Nagar, Bengaluru, Karnataka","₹1,44,000 a year"
Personalized Internet Assessor Kannada Language,Lionbridge,"Bengaluru, Karnataka",
Professional Copy Writer,CHAKRA DIGITAL,"Bengaluru, Karnataka",
Finance Processes-Reporting,Accenture,,
PROCUREMENT,Salarpuria Sattva Group,,
Undergrad - Intern,Intel,,
Sales Officer B2B,SSSPL,,"₹4,00,000 - ₹6,00,000 a year"
L&T_CATIA Design Engineer_3+ years__Keerthi Prasad V,Unitforce Technologies Conslt,,
MIS Executive,Sangeetha Mobiles Pvt Ltd,,"₹17,000 - ₹25,000 a month"
Talent Coordinator,Intel,,
Ward Coordinator,"People People Tree, Goraguntepalya",,"₹12,000 - ₹15,000 a month"
REQUIRED CHANGE COORDINATOR,Pranav Associate Group.,,
Engineer-1,TARGET,,
Assistant Administrator,"Euro Kids, R T Nagar","R. T. Nagar, Bengaluru, Karnataka","₹1,44,000 a year"
Personalized Internet Assessor Kannada Language,Lionbridge,"Bengaluru, Karnataka",
Professional Copy Writer,CHAKRA DIGITAL,"Bengaluru, Karnataka",
Marketing Operations,InstaSafe,,
SDE-I (Payment Team),"Groupon, Inc.",,
Data Science Internship,Emplay Analytics,,"₹20,000 a month"
Finance Coordinator,BGRS,,
Invoice Processing TL,Capgemini,,
Jr.Process Executive Freshers,POWERED BOOKKEEPING SOLUTIONS PVT LTD,,"₹1,92,000 - ₹2,00,000 a year"
Accounts Assistant,TalentBee,,"₹4,00,000 - ₹5,00,000 a year"
Atlassian (JIRA) Administrator,Twilio,,
Customer Service Advisor (Auto Claim Process),SSSPL,,"₹4,00,000 - ₹6,00,000 a year"
Regulatory Affairs (Formulations),Mylan N.V.,,
Assistant Administrator,"Euro Kids, R T Nagar","R. T. Nagar, Bengaluru, Karnataka","₹1,44,000 a year"
Personalized Internet Assessor Kannada Language,Lionbridge,"Bengaluru, Karnataka",
Professional Copy Writer,CHAKRA DIGITAL,"Bengaluru, Karnataka",
Receptionist - Bangalore,Dr..Agarwals Healthcare Ltd.,,"₹12,000 - ₹15,000 a month"
Branding & Communication Executive,DS RESEARCH CENTRE,,"₹20,000 - ₹30,000 a month"
System Administrator,Vikas Global Solutions Ltd,,"₹1,50,000 - ₹2,50,000 a year"
Accounts Executive,Electrono Solutions Pvt Ltd,,
Shipping Coordinator,Arrkay Tranship Forwarders Pvt Ltd,,"₹20,000 - ₹25,000 a month"
Clinical Research Associate- BEC,Apotex Research Private Limited,,
Storekeeper,AAF India Pvt Ltd,,"₹25,000 - ₹32,000 a month"
Mathematicians,Indian Telephone Industries Limited,,"₹39,173 a month"
Library Trainee,Indian Institute of Management Bangalore,,"₹20,000 a month"
Patient Outreach,Job Store Consulting,,"₹20,000 - ₹45,000 a month"
Assistant Administrator,"Euro Kids, R T Nagar","R. T. Nagar, Bengaluru, Karnataka","₹1,44,000 a year"
Personalized Internet Assessor Kannada Language,Lionbridge,"Bengaluru, Karnataka",
Professional Copy Writer,CHAKRA DIGITAL,"Bengaluru, Karnataka",
Accounts & Admin Assistant,Clean Technologies,,
Placement Officer,Amity Bangalore,,
Azure Cloud / IaaS Administration Support [GC-10],GlassCube,,
Maintenance Technician,Vigours Group,,"₹15,000 a month"
STORE EXECUTIVE IN BANGALORE,Digital Fashion Factory,,
Data Center Operator,Net Connect,,
Professional 1 Service Delivery Coordinator,DXC,,
Email Support Executive,Your Pitchh,,"₹2,00,000 - ₹3,50,000 a year"
Maintenance Technician,Gaiagen Technologies,,"₹2,40,000 a year"
Trade Marketing Executive (fmcg),Annapurna Group,,"₹30,000 - ₹45,000 a month"
Assistant Administrator,"Euro Kids, R T Nagar","R. T. Nagar, Bengaluru, Karnataka","₹1,44,000 a year"
Personalized Internet Assessor Kannada Language,Lionbridge,"Bengaluru, Karnataka",
Professional Copy Writer,CHAKRA DIGITAL,"Bengaluru, Karnataka",
Store assistance,"Seoul Store, Hennur, Bangalore",,"₹14,000 - ₹16,000 a month"
Civil Faculty,EduCADD Learning Solutions Pvt LTd,,"₹18,000 - ₹25,000 a month"
REQUIRED MAINFRAME SUPPORT TECHNICIAN,HCS Group,,
Merchandiser (Female Candidate),Strawberry Lenceria Pvt. Ltd.,,"₹25,000 - ₹28,000 a month"
Finance Advisor Job stage 6,Ericsson,,
Domestic voice process,Gettjobbs Recruitment firm,,"₹17,000 - ₹24,000 a month"
SAS – 12 to 15 years – Bangalore,Capgemini,,
Photo Editor,Vijayeesam & Co.,,"₹15,000 - ₹20,000 a month"
FREELANCE DIGITAL MARKETING TRAINERS - Aviv Infotech - Banga...,www.avivinfotech.com,,
Purchase Assistant,Quadragen VetHealth Pvt.Ltd,,
Assistant Administrator,"Euro Kids, R T Nagar","R. T. Nagar, Bengaluru, Karnataka","₹1,44,000 a year"
Personalized Internet Assessor Kannada Language,Lionbridge,"Bengaluru, Karnataka",
Professional Copy Writer,CHAKRA DIGITAL,"Bengaluru, Karnataka",
Client Visit Coordinator,Capgemini,,
System Admin,Hippocampus Infotech Pvt Ltd,,
Cash Applications/R2R – 2- 4 years-Bangalore,Capgemini,,
E-COMMERCE REAL ESTATE PROCESS,Vibry Business Solutions,,"₹26,000 a month"
Purchase & Logistics,PreBo Automotive Private Limited,,"₹15,000 - ₹20,000 a month"
Front Office Executive,Yes Property,,"₹20,000 - ₹25,000 a month"
Service Coordinator-M/F (2 years of Experience),ARVI SYSTEMS & CONTROLS PVT LTD,,"₹18,000 - ₹20,000 a month"
Image Editor,Klicpic,,"₹15,000 - ₹25,000 a month"
MIS Executive,Neolacta LifeSciences Pvt Ltd,,"₹20,000 - ₹30,000 a month"
Interaction Designer,Google,,
Assistant Administrator,"Euro Kids, R T Nagar","R. T. Nagar, Bengaluru, Karnataka","₹1,44,000 a year"
Personalized Internet Assessor Kannada Language,Lionbridge,"Bengaluru, Karnataka",
Professional Copy Writer,CHAKRA DIGITAL,"Bengaluru, Karnataka",
Desktop Support Technician,Astreya,,
Email Campaign Executive,Insnap Technologies,,
Record To Report-Fixed Asset Accounting,Accenture,,
DevOps For Data Science Internship,DSights Consultancy Services Private Limited,,"₹20,000 - ₹25,000 a month"
Graphic Designer,Fimfreak,,"₹15,000 - ₹25,000 a month"
Front Office Executive,Adarsh Developers,,
Accounts Executive,Ravishing Floors,,
Accounts Executive,ZoloStays,,
Graduate Trainee-Intern - Customer Support,SonicWall,,
Admin Executive,Acharya Bangalore B School,,"₹20,000 - ₹25,000 a month"
Assistant Administrator,"Euro Kids, R T Nagar","R. T. Nagar, Bengaluru, Karnataka","₹1,44,000 a year"
Personalized Internet Assessor Kannada Language,Lionbridge,"Bengaluru, Karnataka",
Professional Copy Writer,CHAKRA DIGITAL,"Bengaluru, Karnataka",
Personal Trainer,Fitdrome (Fitness),,
Global Scientific Advisor,Novo Nordisk,,
Chief Executive Officer or CEO- Bangalore,Bizita Technologies Limited,,
PURCHASE ASSISTANT,em electronix corporate,,
Accounting Advisor,Dell,,
Big Data Hadoop,CAPCO,,
Fundraising Officer,Direct Dialogue Initiatives,,"₹21,900 a month"
Purchase Incharge,Starline Packers Pvt Ltd,,"₹18,000 - ₹20,000 a month"
Intern/Campus Relations Team,MyAnatomy Integration PVt Ltd,,"₹12,000 a month"
Public Relations Executive,Pepper Interactive Communications,,"₹15,000 - ₹20,000 a month"
Assistant Administrator,"Euro Kids, R T Nagar","R. T. Nagar, Bengaluru, Karnataka","₹1,44,000 a year"
Personalized Internet Assessor Kannada Language,Lionbridge,"Bengaluru, Karnataka",
Professional Copy Writer,CHAKRA DIGITAL,"Bengaluru, Karnataka",
Channel Sales Representative (US Market),Infrascale India Private limited,,"₹7,00,000 - ₹10,00,000 a year"
Know Your Client (KYC) Operator- Associate,Deutsche Bank,,
JIRA & Confluence Admin,Alten Calsoft Labs,,
ADMINISTRATION EXECUTIVE,Acharya Bangalore B School,,
Accounts and Taxation,Cosmic IT Services Pvt Ltd,,
Apprentice,Rail Wheel Factory,,"₹12,261 a month"
MS Dynamics,EY,,
Guest Relation Executive,MotherhoodHRBR,,"₹12,000 - ₹20,000 a month"
General Cashier,"Marriott International, Inc",,
Cassandra Admin,SonicWall,,
Assistant Administrator,"Euro Kids, R T Nagar","R. T. Nagar, Bengaluru, Karnataka","₹1,44,000 a year"
Personalized Internet Assessor Kannada Language,Lionbridge,"Bengaluru, Karnataka",
Professional Copy Writer,CHAKRA DIGITAL,"Bengaluru, Karnataka",
Financial Associate,Hewlett Packard Enterprise,,
Strategy and Sales Operations - Public Business,Cisco Careers,,
Trainee - Content,MegaExams,,
System Administrator,System controls technology solutions pvt ltd,,"₹2,00,000 - ₹2,80,000 a year"
video editing,Melstar Information Technologies,,"₹12,000 - ₹30,000 a month"
Intern,Tekvity,,
Manual QA Tester,Exellor Software Solutions Pvt. Ltd,,"₹2,00,000 - ₹7,00,000 a year"
Immediate Requirement for Associate- Customer Support,Cashkumar,,"₹2,07,000 - ₹3,00,000 a year"
Computer Typist,Elevano Technologies,,"₹14,000 - ₹25,000 a month"
KTP Offshoring PMO,Société Générale,,
Assistant Administrator,"Euro Kids, R T Nagar","R. T. Nagar, Bengaluru, Karnataka","₹1,44,000 a year"
Personalized Internet Assessor Kannada Language,Lionbridge,"Bengaluru, Karnataka",
Professional Copy Writer,CHAKRA DIGITAL,"Bengaluru, Karnataka",
Assistant Administrator,"Euro Kids, R T Nagar","R. T. Nagar, Bengaluru, Karnataka","₹1,44,000 a year"
Customer Support Executive,MiniJoy,"Bengaluru, Karnataka","₹30,000 - ₹50,000 a month"
Regulatory Affairs Associate (Publishing),Novo Nordisk,,
Networking_4-6 Yrs_Bangalore,Capgemini,,
HRSS _ 1-2yrs_Bangalore,Capgemini,,
Admin Executive,Laxmi Steel Overseas Private Limited,,"₹30,000 - ₹40,000 a month"
Dermatology assistant,Care Fit,,"₹25,000 - ₹35,000 a month"
Fundraising Officer,Pinkatom Foundation,,"₹25,000 - ₹40,000 a month"
Warehouse Executive,Starmerx,,"₹15,000 - ₹18,000 a month"
"Bangalore, Accounting - Associate",Morgan Stanley,,
SDET,Deployd.io,,"₹6,00,000 - ₹9,00,000 a year"
2 PUC Freshers,Prosperbee Financial Services Private Limited,,"₹10,000 - ₹15,000 a month"
Personalized Internet Assessor Kannada Language,Lionbridge,"Bengaluru, Karnataka",
Professional Copy Writer,CHAKRA DIGITAL,"Bengaluru, Karnataka",
Assistant Administrator,"Euro Kids, R T Nagar","R. T. Nagar, Bengaluru, Karnataka","₹1,44,000 a year"
Customer Support Executive,MiniJoy,"Bengaluru, Karnataka","₹30,000 - ₹50,000 a month"
Admission Counselor,ISDC Group,,"₹1,70,000 - ₹2,50,000 a year"
Hindi to English Translator,Embibe,,"₹30,000 - ₹40,000 a month"
Executive - Admin & Facilities,Enzen,,
Process Associate - Customer Service,Genpact,,
"Hadoop Admin, Data Platform",Visa,,
Assistant,Indira Gandhi National Centre for the Arts,,"₹20,000 a month"
GEMOLOGY & DIAMOND GRADING FACULTY,Vogue Institute of fashion Technology,,
Maintenance Technician,Wanderers Brewing Private Limited,,"₹15,000 - ₹20,000 a month"
Motion Graphic Artist,ZoloStays,,
Freelance Content Writer,Nanav Naturals Pvt Ltd,,
Personalized Internet Assessor Kannada Language,Lionbridge,"Bengaluru, Karnataka",
Professional Copy Writer,CHAKRA DIGITAL,"Bengaluru, Karnataka",
Assistant Administrator,"Euro Kids, R T Nagar","R. T. Nagar, Bengaluru, Karnataka","₹1,44,000 a year"
Customer Support Executive,MiniJoy,"Bengaluru, Karnataka","₹30,000 - ₹50,000 a month"
Digital Marketing Strategist,Thrive United Ventures Pvt Ltd,,"₹30,000 - ₹40,000 a month"
Control Room Operator,Samvith technology,,"₹20,000 - ₹25,000 a month"
Operations Executive,Delectable Technologies Pvt. Ltd.,,"₹17,000 - ₹20,000 a month"
Social Media Executive,talenzo media,,
Manual Tester,SolCen Technologies,,
Sales Advisor,ADDCONTACT PUBLISHERS,,"₹2,00,000 - ₹3,00,000 a year"
Customer Service Officer (Auto Claim Process),SSSPL,,"₹4,00,000 - ₹6,00,000 a year"
Executive Assistant,NOVEL NUTRIENTS PVT LTD,,
Inside Sales Executive,Simplilearn,,"₹3,00,000 - ₹6,00,000 a month"
Procure to Pay Processing-Service Help Desk - Voice,Accenture,,
Personalized Internet Assessor Kannada Language,Lionbridge,"Bengaluru, Karnataka",
Professional Copy Writer,CHAKRA DIGITAL,"Bengaluru, Karnataka",
Assistant Administrator,"Euro Kids, R T Nagar","R. T. Nagar, Bengaluru, Karnataka","₹1,44,000 a year"
Customer Support Executive,MiniJoy,"Bengaluru, Karnataka","₹30,000 - ₹50,000 a month"
PHP Internship Program - [Freshers],Fennec Technologies,,
Executive Accounts,Campus Students Communities Pvt Ltd,,"₹25,000 - ₹30,000 a month"
Data Entry Operator/Computer Operator,AlllSys Software Service,,"₹50,000 - ₹1,00,000 a year"
Power Electronics,OSRAM Continental,,
Accounts cum Admin,HSI Client,,"₹15,000 - ₹20,000 a month"
Marketing executives for curriculum-Immediate requirement,MDN Edify Education Pvt Ltd,,"₹15,000 - ₹35,000 a month"
Building Supervisor,House Of Mandoth,,"₹12,000 - ₹16,000 a month"
"Transmission – Clutch set design, Shifter design",Mercedes-Benz Research and Development India Priva...,,
Office Assistant,Armor group,,"₹10,000 - ₹15,000 a month"
Jr. Accounts Executive,ABAI,,"₹10,000 - ₹14,000 a month"
Personalized Internet Assessor Kannada Language,Lionbridge,"Bengaluru, Karnataka",
Professional Copy Writer,CHAKRA DIGITAL,"Bengaluru, Karnataka",
Assistant Administrator,"Euro Kids, R T Nagar","R. T. Nagar, Bengaluru, Karnataka","₹1,44,000 a year"
Customer Support Executive,MiniJoy,"Bengaluru, Karnataka","₹30,000 - ₹50,000 a month"
Store Executive - Ramurthy Nagar,Eastern Mattresses,,
Creative Designer,Bluecat Paper Company,,"₹25,000 - ₹30,000 a month"
Account Processor,Stuta Hr,,"₹14,000 - ₹18,000 a month"
Research Associate,iMatiz,,
Hospital Receptionist : Near Konanakunta Cross,Family Health Care www.mdmctrust.org,,
PR in Social Media,Pixel Pictures Pvt Ltd,,"₹2,80,000 - ₹3,00,000 a year"
Office Administrator,Imagic Creatives Pvt Ltd,,
W00305,Unisys,,
Admission Associate,CSSPL Tech,,
Admin Coordinator,Rambus Infrastructure Private Limited,,"₹10,000 - ₹15,000 a month"
Personalized Internet Assessor Kannada Language,Lionbridge,"Bengaluru, Karnataka",
Professional Copy Writer,CHAKRA DIGITAL,"Bengaluru, Karnataka",
Assistant Administrator,"Euro Kids, R T Nagar","R. T. Nagar, Bengaluru, Karnataka","₹1,44,000 a year"
Customer Support Executive,MiniJoy,"Bengaluru, Karnataka","₹30,000 - ₹50,000 a month"
Audit Associte - KRC Audit,KPMG,,
IT Recruiter,PITCS,,"₹15,000 - ₹20,000 a month"
Tier 2 Active Directory & Exchange Support,Digicom Systems Blr Pvt ltd,,
Design Drafter,Flowserve Corporation,,
Project Coordinator,JLL,,
Tekla Checker,HI-Q Design and Detailing Pvt Ltd,,
Medical Representative/ Sales Representative,Nexgen Labs,,"₹16,000 - ₹40,000 a month"
CREDIT APPRAISER- SELF EMPLOYED,HDFC,,
Social Media Executive,Mindblue,,
Help Desk Agent,Kaplan,,
Personalized Internet Assessor Kannada Language,Lionbridge,"Bengaluru, Karnataka",
Professional Copy Writer,CHAKRA DIGITAL,"Bengaluru, Karnataka",
Assistant Administrator,"Euro Kids, R T Nagar","R. T. Nagar, Bengaluru, Karnataka","₹1,44,000 a year"
Customer Support Executive,MiniJoy,"Bengaluru, Karnataka","₹30,000 - ₹50,000 a month"
Production School,The Focus,,
Caricature Artist/ Illustrator,MAP Systems,,
Logistics Executive,Samosa Singh,,"₹30,000 - ₹40,000 a month"
E-Commerce Executive,Beauty Concepts,,"₹15,000 - ₹25,000 a month"
quality (furniture),furniture,,"₹40,000 a year"
Immediate requirement for Executive - Facility,Royaloak Incorporation Pvt Ltd,,"₹15,500 - ₹25,000 a month"
BANGALORE - Customer Service Non Voice,Adwit Global,,"₹12,600 - ₹14,500 a month"
POA_4LS_OracleDBA,Fujitsu,,
Finacle customization version 7-Administrator,Wipro LTD,,
Accounts Process Executive,Turtle Bowl Pvt Ltd,,"₹15,000 - ₹25,000 a month"
Personalized Internet Assessor Kannada Language,Lionbridge,"Bengaluru, Karnataka",
Professional Copy Writer,CHAKRA DIGITAL,"Bengaluru, Karnataka",
Assistant Administrator,"Euro Kids, R T Nagar","R. T. Nagar, Bengaluru, Karnataka","₹1,44,000 a year"
Customer Support Executive,MiniJoy,"Bengaluru, Karnataka","₹30,000 - ₹50,000 a month"
MySQL / MongoDB Database Administrator,FP Tech Science,,
Patent Agent,MaxVal IP Services,,
Operations Internship,Unacademy,,"₹25,000 a month"
VFX Artist - Mobile Games,PlayGames 24x7 Pvt Ltd,,
Actimize enhancement and support – 8 to 10 years – Bangalore,Capgemini,,
Fashion Design Intern,Tiara by Roshini Shah,,
WEBSPHERE-ADMIN,Larsen & Toubro Infotech Limited,,
Food and Beverage Controller,Conrad Hotels & Resorts,,
Technicians,JSE INFRATECH PVY LTD,,
Graphic Designer,MyAnatomy Integration PVt Ltd,,"₹15,000 - ₹25,000 a month"
Personalized Internet Assessor Kannada Language,Lionbridge,"Bengaluru, Karnataka",
Professional Copy Writer,CHAKRA DIGITAL,"Bengaluru, Karnataka",
Assistant Administrator,"Euro Kids, R T Nagar","R. T. Nagar, Bengaluru, Karnataka","₹1,44,000 a year"
Customer Support Executive,MiniJoy,"Bengaluru, Karnataka","₹30,000 - ₹50,000 a month"
Financial Crimes Spec,Wells Fargo,,
Junior Associate,HMT Machine Tools Ltd.,,"₹13,500 a month"
IMMEDIATE OPENING FOR PAYMENT COLLECTIONS EXECUTIVE,ADROIT FCS PVT LTD,,"₹20,000 - ₹25,000 a month"
Hitachi Storage-Administrator,Wipro LTD,,
bpo voice process (English / Hindi),Cemex Management Pvt Ltd,,"₹16,000 - ₹22,000 a month"
AERO STRUCTURES ANALYSIS - NASTRAN / PATRAN / HAND CALCULATI...,ADITS,,
Application Production Support,FIS Global,,
Immediate requirements for customer support associate(CSA),Cemex Management pvt.ltd,,"₹18,200 - ₹24,000 a month"
Counselor,Rooman Technologies,,
Recruiter (Fresher),ThiDiff Technologies,,
Personalized Internet Assessor Kannada Language,Lionbridge,"Bengaluru, Karnataka",
Professional Copy Writer,CHAKRA DIGITAL,"Bengaluru, Karnataka",
Assistant Administrator,"Euro Kids, R T Nagar","R. T. Nagar, Bengaluru, Karnataka","₹1,44,000 a year"
Customer Support Executive,MiniJoy,"Bengaluru, Karnataka","₹30,000 - ₹50,000 a month"
Accounts Executive - Immediate Joiner Required,i3 Solutions,,"₹18,000 - ₹20,000 a month"
Trademark Associate,Ediplis,,
Logistics Executive,Smartstorey LLP,,
Showroom Sales Executive,furniture manufacturing company,,"₹25,000 a month"
bpo call center,Cemex Management Pvt Ltd,,"₹14,000 - ₹21,000 a month"
Service Coordinator,Sigma AVIT Technology Solutions Pvt Ltd,,"₹15,000 - ₹20,000 a month"
Veeva Vault CRM,appmocx pvt ltd,,"₹10,00,000 - ₹11,00,000 a year"
MIS Executive,Hiring Buddies,,"₹30,000 - ₹40,000 a year"
Ward Secretary,Apollo Hospitals,,
QA Manual testing,Accion Labs,,
Personalized Internet Assessor Kannada Language,Lionbridge,"Bengaluru, Karnataka",
Professional Copy Writer,CHAKRA DIGITAL,"Bengaluru, Karnataka",
Assistant Administrator,"Euro Kids, R T Nagar","R. T. Nagar, Bengaluru, Karnataka","₹1,44,000 a year"
Customer Support Executive,MiniJoy,"Bengaluru, Karnataka","₹30,000 - ₹50,000 a month"
Front Office Executive,Svamitva Infra Pvt Ltd,,"₹18,000 - ₹28,000 a month"
Customer Service Representative,UnitedHealth Group,,
Wedding Photographer,Huego Services Private Limited,,"₹15,000 - ₹25,000 a month"
Customer Support Executive,Kulaja services,,"₹15,000 - ₹20,000 a month"
Administrative Officer,Raman Research Institute,,"₹1,75,000 a month"
Project Designer,Mysore Lights,,
Video Editor,IIHT,,
Customer Support Representative,Transact Global,,"₹25,000 a month"
QA Manual Testing,HealthifyMe Wellness Private Limited,,
SDET,Locus.sh,,
Personalized Internet Assessor Kannada Language,Lionbridge,"Bengaluru, Karnataka",
Professional Copy Writer,CHAKRA DIGITAL,"Bengaluru, Karnataka",
Assistant Administrator,"Euro Kids, R T Nagar","R. T. Nagar, Bengaluru, Karnataka","₹1,44,000 a year"
Customer Support Executive,MiniJoy,"Bengaluru, Karnataka","₹30,000 - ₹50,000 a month"
ASW Engnieer,Great Wall India R & D,,
Service Center Engineer-L1 Support,Micro Focus,,
IT Recruiter,Insnap Technologies,,
Warehouse Executive,Firstcry.com,,"₹14,000 - ₹16,000 a month"
Accounts Assistant,South India Beverages Pvt.Ltd,,"₹15,000 - ₹18,000 a month"
PR Executive,Evoc Communications Consulting,,
IT Recruiter,Sapienhr,,"₹12,000 - ₹25,000 a month"
Pr0duction Support 2 to 4 Years Bangalore,Capgemini,,
Travel Advisor,Star Tours & Holidays Pvt. Ltd.,,"₹17,000 - ₹18,000 a month"
Associate-Employability and Education,Tech Mahindra Foundation,,
Personalized Internet Assessor Kannada Language,Lionbridge,"Bengaluru, Karnataka",
Professional Copy Writer,CHAKRA DIGITAL,"Bengaluru, Karnataka",
Assistant Administrator,"Euro Kids, R T Nagar","R. T. Nagar, Bengaluru, Karnataka","₹1,44,000 a year"
Customer Support Executive,MiniJoy,"Bengaluru, Karnataka","₹30,000 - ₹50,000 a month"
"Cisco ASA, Firewall",Unitforce Technologies Conslt,,
Relationship Executive,career binder,,"₹15,000 - ₹20,000 a month"
Editorial Assistant,ContentPlant,,"₹15,000 - ₹20,000 a year"
Photo Editor - Fashion Jewelry - E Commerce,Fonte Fashions India Pvt Ltd (Rubans Fashion Jewel...,,"₹1,80,000 - ₹3,50,000 a year"
Front Office Receptionist,Kalp motorworld LLP,,
Executive/Sr.Executive – Billing,Apollo Health and Lifestyle Limited,,"₹22,000 a month"
Receptionist,Indian Telephone Industries Limited,,"₹19,438 a month"
Finance - Controllers - Internal Control Reporting and Analy...,Goldman Sachs,,
Hostel Warden,Campus Students Communities Pvt Ltd,,"₹15,000 - ₹18,000 a month"
Delivery Boy,Xolcano Technologies Pvt Ltd,,"₹13,000 - ₹15,000 a month"
Personalized Internet Assessor Kannada Language,Lionbridge,"Bengaluru, Karnataka",
Professional Copy Writer,CHAKRA DIGITAL,"Bengaluru, Karnataka",
Assistant Administrator,"Euro Kids, R T Nagar","R. T. Nagar, Bengaluru, Karnataka","₹1,44,000 a year"
Customer Support Executive,MiniJoy,"Bengaluru, Karnataka","₹30,000 - ₹50,000 a month"
Call Centre Operator,Pinaacle Technologies Pvt Ltd,,"₹12,000 - ₹16,000 a month"
DAY SHIFT JOB -NON VOICE & EMAIL SUPPORT,HGS,,"₹10,000 - ₹30,000 a month"
English Editor,Deluxe Entertainment Services Group,,
Accounts & Administration Executive,Kromtek Systems,,
Merchandiser Denim,Motherland Garments Pvt Ltd,,"₹18,000 - ₹25,000 a month"
Storekeeper,Namma Metro,,"₹15,000 - ₹20,000 a month"
EMC Networker Admin,Nu Second Technogy-Staffing Solutions,,
International Chat ProceSs,Metamorphosis,,"₹3,00,000 - ₹4,00,000 a year"
After Effect Artist,Pinglalbert Technologies Pvt. Ltd.,,"₹15,000 - ₹30,000 a month"
Visa Executive,Tourism Hospitality Travel Services,,"₹5,000 - ₹8,000 a month"
Personalized Internet Assessor Kannada Language,Lionbridge,"Bengaluru, Karnataka",
Professional Copy Writer,CHAKRA DIGITAL,"Bengaluru, Karnataka",
Assistant Administrator,"Euro Kids, R T Nagar","R. T. Nagar, Bengaluru, Karnataka","₹1,44,000 a year"
Customer Support Executive,MiniJoy,"Bengaluru, Karnataka","₹30,000 - ₹50,000 a month"
Finance Assistant,MarketOne International,,
Jr. Sales Executive - CNC Machines,Ethereal Machines,,"₹20,000 - ₹35,000 a month"
Immediate Openings for Academic counselor @ Bangalore,ACE CREATIVE LEARNING PVT LTD,,"₹22,000 - ₹25,000 a month"
Non IT Recruiter,Cargill,,
Operations Executive,Awign Enterprises Pvt. Ltd.,,"₹13,500 - ₹25,000 a month"
Hdoop admin - 2 to 6 years - Bangalore,Capgemini,,
Project Coordinator,iSupport,,
Store Supervisor,acreaty Management Consultant,,"₹20,000 - ₹22,000 a month"
Customer Support Executive,LocalRamu online service pvt ltd,,"₹15,000 - ₹20,000 a month"
Cash Applications PA1,Capgemini,,
Professional Copy Writer,CHAKRA DIGITAL,"Bengaluru, Karnataka",
Assistant Administrator,"Euro Kids, R T Nagar","R. T. Nagar, Bengaluru, Karnataka","₹1,44,000 a year"
Personalized Internet Assessor Kannada Language,Lionbridge,"Bengaluru, Karnataka",
Assistant - Dispatch,Huhtamaki Group,,
JavaScript,Accenture,,
"Sr. GM - Sales, Marketing and CRM",Svamitva Infra Pvt Ltd,,"₹15,00,000 - ₹20,00,000 a year"
Marketing Executive,Vijayeesam & Co.,,"₹15,000 - ₹20,000 a month"
Officer Customer Service,Avery Dennison,,
Sr. Associate - Projects,Cognizant,,
Hiring experienced desktop support/L1 &L2 support/Service De...,Tech Mahindra,,"₹2,50,000 - ₹4,00,000 a year"
Medical Health officer @ Nelamangala,Onjob LLP,,"₹45,000 - ₹60,000 a month"
Cashier (Male),"Bodycraft Salon ,Skin & Cosmetology Pvt Ltd",,
Talent Acquisition Executive,OyeSpace,,
Professional Copy Writer,CHAKRA DIGITAL,"Bengaluru, Karnataka",
Assistant Administrator,"Euro Kids, R T Nagar","R. T. Nagar, Bengaluru, Karnataka","₹1,44,000 a year"
Personalized Internet Assessor Kannada Language,Lionbridge,"Bengaluru, Karnataka",
Finance Controller 9yrs to 12 yrs,Capgemini,,
Digital and social media marketer,Mind Blue LLP,,"₹3,00,000 - ₹10,00,000 a year"
Presales,Meddiff Technologies Pvt. ltd.,,"₹6,00,000 - ₹10,00,000 a year"
VMware Administrator,Taurus Hard Soft Solutions Pvt Ltd,,
Business Marketing,Wipro Limited,,
Guest Relations Executive,Sri Sri Tattva Panchakarma,,
Learning Delivery-Scheduling,Accenture,,
CA_SeniorAssociate_Multimedia,EY,,
Regulatory Affairs - CMC,Novo Nordisk,,
Executive Accounts,Taichuang Engineering India Pvt Ltd,,"₹25,000 - ₹35,000 a month"
Professional Copy Writer,CHAKRA DIGITAL,"Bengaluru, Karnataka",
Assistant Administrator,"Euro Kids, R T Nagar","R. T. Nagar, Bengaluru, Karnataka","₹1,44,000 a year"
Personalized Internet Assessor Kannada Language,Lionbridge,"Bengaluru, Karnataka",
"Community Associate, Bengaluru",WeWork India,,
Program Coordinator,Merittrac,,
Trainee Developers,Dalason Software Solutions,,
P2P Accounts Payable CSR,Momentive,,
Active Directory – 3 to 9 years – Bangalore,Capgemini,,
Delivery Executive,Kann Digital Pvt Ltd,,"₹18,000 - ₹24,000 a month"
ENOVIA,Leuwint technologies,,
SUNDAY DRIVE-Receptionist-Bangalore-HSR layout,Orbis Hospitality Services Pvt. Ltd,,"₹3,00,000 - ₹5,00,000 a year"
O365 Admin - 4 to 6 Years - Bangalore,Capgemini,,
Billing Executive,Sun Telematics Pvt Ltd,,"₹20,000 - ₹25,000 a month"
Professional Copy Writer,CHAKRA DIGITAL,"Bengaluru, Karnataka",
Assistant Administrator,"Euro Kids, R T Nagar","R. T. Nagar, Bengaluru, Karnataka","₹1,44,000 a year"
Personalized Internet Assessor Kannada Language,Lionbridge,"Bengaluru, Karnataka",
Mathematicians,ITI Limited,,"₹6,50,000 a year"
L 1 - Support,Navviti Consulting and Technologies,,
Purchase Executive,Kids Clinic India Pvt Ltd,,
Urgent openings for Apple Laptop technicians,Ciel HR Services Pvt Ltd,,"₹25,000 - ₹30,000 a month"
Claims Representative Associate,UnitedHealth Group,,
HRBP,ZAPR,,
Soft Services Executive,JLL,,
Accounts Executive,TYNIMO LIFE STYLE,,
Warehouse Executive,Tyremarket.com,,
Executive Assistant,Kimberly-Clark,,
Professional Copy Writer,CHAKRA DIGITAL,"Bengaluru, Karnataka",
Assistant Administrator,"Euro Kids, R T Nagar","R. T. Nagar, Bengaluru, Karnataka","₹1,44,000 a year"
Personalized Internet Assessor Kannada Language,Lionbridge,"Bengaluru, Karnataka",
AGM Bangalore OYO Home,oyorooms.com,,
Sales Executive - B2C,Toppr,,"₹25,000 - ₹40,000 a month"
BIKE INSPECTION JOB,Graphite Enterprises,,"₹18,500 - ₹21,000 a month"
Sr. Sales Executive,Northerly Automotive Solutions Pvt.Ltd. (gobumpr.c...,,"₹15,000 - ₹30,000 a month"
Graphic Designer - Photoshop/ Illustrator,Vibrant-info,,"₹2,00,000 - ₹4,00,000 a year"
Care Coordinator (OP) - Operations,Apollo Hospitals,,
Auto Claim Insurance,Boaats Corporate Solutions,,"₹5,00,000 a year"
Front end SDE1 - Merchant Performance Team,"Groupon, Inc.",,
Purchase & Basic Accounts,Aura Airtechnics,,"₹8,000 - ₹18,000 a month"
Facilities Coordinator,JLL,,
Professional Copy Writer,CHAKRA DIGITAL,"Bengaluru, Karnataka",
Assistant Administrator,"Euro Kids, R T Nagar","R. T. Nagar, Bengaluru, Karnataka","₹1,44,000 a year"
Personalized Internet Assessor Kannada Language,Lionbridge,"Bengaluru, Karnataka",
Cashier,Fabindia Private Limited,,"₹12,000 - ₹16,000 a month"
Operation Admin,Alethea Communications Technologies,,
MIS Executive,SSSPL,,
Sales and Marketing,Event U Rox,,"₹30,000 - ₹45,000 a month"
Reception cum Billing executive - bangalore,DS Placement Services Private Limited,,
Media Activation Executive,Essence,,
Heathrow: Baggage DNA: ETL Testing (C1) Replacement_STD-5483,Capgemini,,
Service Desk,Cognizant,,
Security Officer,JLL,,
Cook/Kitchen Hand,FOOD PANDA,,"₹18,000 - ₹29,000 a month"
Professional Copy Writer,CHAKRA DIGITAL,"Bengaluru, Karnataka",
Assistant Administrator,"Euro Kids, R T Nagar","R. T. Nagar, Bengaluru, Karnataka","₹1,44,000 a year"
Personalized Internet Assessor Kannada Language,Lionbridge,"Bengaluru, Karnataka",
Retail Store Officer,Geographical Indications Tagged World Premium Prod...,,"₹12,000 - ₹16,000 a month"
Wintel Admin,IBEON INFOTECH,,
Client Servicing Executive,Route To Market Media India Pvt Ltd,,
Peopleosft FSCM TechnoFunctional// 12 to 16yrs//bangalore,Capgemini,,
SQL*Server Administrator,"Arrow Electronics, Inc.",,
digital officer,talendata technologies,,"₹16,000 - ₹20,000 a month"
Microbiologist,SAVA,,
FURNITURE CARPENTERS / ASSEMBLERS,ENGIWOOD FURNITURE SOLUTIONS,,"₹15,000 - ₹20,000 a month"
Interior Designer,Desired Designs,,"₹15,000 - ₹25,000 a month"
Jira Administrator,Cotocus,,
Professional Copy Writer,CHAKRA DIGITAL,"Bengaluru, Karnataka",
Assistant Administrator,"Euro Kids, R T Nagar","R. T. Nagar, Bengaluru, Karnataka","₹1,44,000 a year"
Personalized Internet Assessor Kannada Language,Lionbridge,"Bengaluru, Karnataka",
Recruitment AN,Accenture,,
IT Field Technician,EOS,,
delivery boy,Black Magic Toners Pvt Ltd,,"₹10,000 - ₹15,000 a month"
Sales & Marketing Executive,Fateh Stones International Pvt Ltd,,"₹25,000 - ₹40,000 a month"
Data Entry Operator,CHINMAYA MISSION HOSPITAL,,"₹11,000 - ₹12,000 a month"
Customer Service Representative,GENIUS CONSULTING,,"₹15,000 - ₹30,000 a month"
System/Network Administrator,GSN Games,,
Client Servicing Executive,Mindblue,,
Customer Care Voice,"Mirable Health Services,Humain Health,",,"₹15,000 - ₹35,000 a month"
Associate 1,State Street,,
Professional Copy Writer,CHAKRA DIGITAL,"Bengaluru, Karnataka",
Assistant Administrator,"Euro Kids, R T Nagar","R. T. Nagar, Bengaluru, Karnataka","₹1,44,000 a year"
Personalized Internet Assessor Kannada Language,Lionbridge,"Bengaluru, Karnataka",
Admin Executive,TeamLease Digital Private Ltd.,,"₹30,000 - ₹55,000 a month"
Image Processing (Python) Internship,Gifto Retail Technologies,,"₹6,000 - ₹8,000 a month"
Academic Coordinator,New Age Knowledge Solutions Ltd,,"₹35,000 - ₹40,000 a year"
Administrative Assistant,M Panigrahi & Co,,"₹10,000 - ₹15,000 a month"
SketchUp Modeller,Adebeo Solutions Pvt. Ltd,,"₹18,000 - ₹25,000 a month"
Graphic Designer,Round The Clock Innovations Pvt. Ltd,,"₹15,000 - ₹25,000 a month"
Finance Associate,MSS Payments,,
Back Office Executive,Bgvonline,,"₹10,000 - ₹15,000 a month"
Marketing Associate,Terrenum Homes India Pvt Ltd,,"₹35,000 - ₹40,000 a month"
Surveillance Officer,Deutsche Bank,,
Professional Copy Writer,CHAKRA DIGITAL,"Bengaluru, Karnataka",
Assistant Administrator,"Euro Kids, R T Nagar","R. T. Nagar, Bengaluru, Karnataka","₹1,44,000 a year"
Personalized Internet Assessor Kannada Language,Lionbridge,"Bengaluru, Karnataka",
Surveillance Officer,Deutsche Bank,,
Customer Support Associate,Your Pitchh,,"₹2,00,000 - ₹3,00,000 a year"
Accounts Assistant/Officer Accounts,Prestige Estates Projects,,
Customer Support Executive,Quick Ride,,
JDE Support,GLOINNT,,
Customer Service Associate for Helpdesk,Campus Technology,,"₹1,20,000 - ₹2,40,000 a year"
Customer Service - Sales CRE,TATA Capital,,
PIFS_IFRS_Associate Director_3,EY,,
Project Coordinator,Connecting the Dots,,
Loan Cashiering & Investor Associate Accounting,DXC,,
